商品原始链接,商品最终链接,商品标题,店铺名称,店铺链接,平台,是否下架,划线价,活动价,促销价,活动信息,详细活动信息,优惠券信息,月销量,累计评论,日期
https://item.taobao.com/item.htm?id=20565599246,https://item.taobao.com/item.htm?id=20565599246,野格力娇酒 野格圣鹿利口酒 JAGERMEIFTER德国原装进口 正品洋酒,179俱乐部,https://179club.taobao.com/,tb,0,138.00,,,,,,451,1239,2020-10-26
https://item.taobao.com/item.htm?id=586375262300,https://detail.tmall.com/item.htm?id=586375262300&skuId=4342258993109,醉鹅娘 德国进口洋酒野格圣鹿酒利口酒力娇酒正品行货700ml,醉鹅娘酒类旗舰店,https://zuieniang.tmall.com/,tm,0,198.00,,138.00,"满1件,送任意1件赠品（赠完即止）；满2件,送任意2件赠品（…","满1件,送任意1件赠品（赠完即止）鹿头子弹杯小酒壶*1红牛*2烟灰缸*1满2件,送任意2件赠品（赠完即止）鹿头子弹杯小酒壶*1红牛*2烟灰缸*1满3件,送任意3件赠品（赠完即止）鹿头子弹杯小酒壶*1红牛*2烟灰缸*1满4件,送任意4件赠品（赠完即止）鹿头子弹杯小酒壶*1红牛*2烟灰缸*1",送天猫积分69,6500+,50500,2020-10-26
https://item.taobao.com/item.htm?id=611391648091,https://chaoshi.detail.tmall.com/item.htm?id=611391648091,【进口】双11爆款网红野格行货700ml+RIO锐澳微醺白桃味330ml*2瓶,天猫超市,https://chaoshi.tmall.com/,tm,0,,,138.00,,,送天猫积分13,85,3090,2020-10-26
https://item.taobao.com/item.htm?id=560263330969,https://detail.tmall.com/item.htm?id=560263330969&skuId=4506575846116,【选赠品】德国进口洋酒野格圣鹿利口酒700ml力娇酒 鹿头酒正品,WHISKY L！旗舰店,https://taishengyuanjl.tmall.com/,tm,0,198.00,,138.00,"满1件,送任意1件赠品（赠完即止）；满2件,送任意2件赠品（…","满1件,送任意1件赠品（赠完即止）红牛2罐A百威1罐鹿头1个啤酒1罐满2件,送任意2件赠品（赠完即止）A1白啤1鹿头1个D红牛2罐白啤1支满3件,送任意3件赠品（赠完即止）A1百威1鹿头1个D红牛2罐白啤1支满4件,送任意4件赠品（赠完即止）B红牛2罐A鹿头1个C百威1瓶D啤酒1支满5件,送任意4件赠品（赠完即止）红牛2罐A鹿头1个百威1支啤酒1支",送天猫积分69,1848,23934,2020-10-26
https://item.taobao.com/item.htm?id=595492174761,https://item.taobao.com/item.htm?id=595492174761,老宋的微醺23点 德国野格圣鹿利口酒700ml蓝鲸莫斯卡托香槟起泡酒,老宋的微醺23点,https://shop251938368.taobao.com/,tb,0,258.00,,168.00,,,淘金币可抵5.04元,264,3364,2020-10-26
https://item.taobao.com/item.htm?id=607181340870,https://item.taobao.com/item.htm?id=607181340870,商品不存在,,,tb,0,399.00,,,,,,-,0,2020-10-26
https://item.taobao.com/item.htm?id=589938213113,https://item.taobao.com/item.htm?id=589938213113,猿小姐 德国进口网红洋酒野格圣鹿酒利口酒力娇酒正品行货700ml,猿小姐的甜酒铺,https://tianjiupu.taobao.com/,tb,0,168.00,,138.00,,,"80元店铺优惠券，满1099元可用 领取
40元店铺优惠券，满599元可用 领取
满1件,送赠品,满2件,送赠品,满3件,送赠品,满4件,送赠品",581,3472,2020-10-26
https://item.taobao.com/item.htm?id=601388472684,https://item.taobao.com/item.htm?id=601388472684,正品行货 德国进口野格鹿头酒圣鹿利口酒力娇700ml耶格网红款洋酒,叁联胜酒行,https://shop506177743.taobao.com/,tb,0,168.00,,138.00,,,"淘金币可抵4.14元
50元店铺优惠券，满1088元可用 领取
10元店铺优惠券，满199元可用 领取
满1件,送赠品,满2件,送赠品,满3件,送赠品,满4件,送赠品,满5件,送赠品",301,2592,2020-10-26
https://item.taobao.com/item.htm?id=591188784453,https://detail.tmall.com/item.htm?id=591188784453&skuId=4588702411849,【定时送】正品野格利口酒700ml 德国野格圣鹿力娇酒进口洋酒鹿头,壹玖壹玖官方旗舰店,https://yjyjjl.tmall.com/,tm,0,189.00,,154.00,"满154元减16元,送任意2件赠品（赠完即止）","满154元减16元,送任意2件赠品（赠完即止）乌苏啤酒福佳玫瑰红1664桃福佳白啤",送天猫积分77,241,3774,2020-10-26
https://item.taobao.com/item.htm?id=20310841413,https://detail.tmall.com/item.htm?id=20310841413,御玖轩 野格圣鹿利口酒力娇酒700ml进口鹿头洋酒百利甜酒百龄坛,御玖轩酒类专营店,https://yjxjl.tmall.com/,tm,0,158.00-198.00,,,,,送天猫积分79起,80,6565,2020-10-26
https://item.taobao.com/item.htm?id=601701681925,https://item.taobao.com/item.htm?id=601701681925,德国野格恶魔鹿头酒利口酒力娇酒圣鹿野葛酒耶格酒700ml,话事酒馆,https://shop307909480.taobao.com/,tb,0,228.00-298.00,,138.00-198.00,,,,21,2273,2020-10-26
https://item.taobao.com/item.htm?id=598184656737,https://item.taobao.com/item.htm?id=598184656737,【买1赠5】野格圣鹿利口酒 德国进口鹿头力娇酒洋酒正品行货700ml,高岛小酒屋,https://shop275281988.taobao.com/,tb,0,198.00-278.00,,138.00-218.00,,,"淘金币可抵4.14元
25元店铺优惠券，满400元可用 领取
10元店铺优惠券，满200元可用 领取",437,1410,2020-10-26
https://item.taobao.com/item.htm?id=574270833139,https://detail.tmall.com/item.htm?id=574270833139&skuId=4337805081837,顺丰发货 德国洋酒 Jagermeister野格圣鹿利口酒野格力娇酒700ml,威赛帝斯酒类专营,https://wsdsjl.tmall.com/,tm,0,299.00,,148.00,,,送天猫积分74,31,281,2020-10-26
https://item.taobao.com/item.htm?id=611003725419,https://item.taobao.com/item.htm?id=611003725419,现货正品行货 德国进口洋酒野格圣鹿小瓶酒利口酒力娇酒700+200ml,迷蒙小酒,https://shop342660495.taobao.com/,tb,0,79.00-198.00,,49.00-168.00,,,"淘金币可抵1.47元
30元店铺优惠券，满400元可用 领取
15元店铺优惠券，满200元可用 领取",87,771,2020-10-26
https://item.taobao.com/item.htm?id=578479870524,https://detail.tmall.com/item.htm?id=578479870524,商品不存在,晟阳酒类专营店,https://shengyangjiulei.tmall.com/,tm,0,141.43元/500ml,,138.00,"满1件,送任意1件赠品（赠完即止）；满2件,送任意2件赠品（…","满1件,送任意1件赠品（赠完即止）调酒可乐巧克力红酒红牛*2鹿头+酒杯满2件,送任意2件赠品（赠完即止）调酒可乐巧克力红酒红牛*2鹿头+酒杯满3件,送任意3件赠品（赠完即止）调酒可乐巧克力红酒红牛*2鹿头+酒杯满4件,送任意4件赠品（赠完即止）调酒可乐红牛*2巧克力红酒鹿头+酒杯",送天猫积分69,64,1542,2020-10-26
https://item.taobao.com/item.htm?id=613718954451,https://item.taobao.com/item.htm?id=613718954451,德国进口洋酒YEGE鹿头酒利口酒YEGE56版正品700毫升瓶装力娇酒,聚野酒水供应店,https://shop282412625.taobao.com/,tb,0,138.00,,118.00,,,,5,195,2020-10-26
https://item.taobao.com/item.htm?id=606344069015,https://detail.tmall.com/item.htm?id=606344069015,Jagermeister 野格利口酒 700ml 德国进口 配制酒 进口洋酒,天猫会员店,https://tmhuiyuandian.tmall.com/,tm,0,218.00,,138.00,,,送天猫积分69,19,152,2020-10-26
https://item.taobao.com/item.htm?id=614698783056,https://detail.tmall.com/item.htm?id=614698783056,网红野格酒圣鹿野格利口酒力娇酒鸡尾酒调酒基酒700ml德国洋酒,旭隆久合酒类专营店,https://xljhjl.tmall.com/,tm,0,199.00,,148.00,"满1件,送任意1件赠品（赠完即止）","满1件,送任意1件赠品（赠完即止）树脂摇壶",送天猫积分74,41,,2020-10-26
https://item.taobao.com/item.htm?id=596381955415,https://detail.tmall.com/item.htm?id=596381955415,德国进口洋酒网红酒野格圣鹿酒利口酒力娇酒野葛正品行货700ml,加枫红进口红酒专营,https://jfhmy.tmall.com/,tm,0,299.00,,168.00,"满1件,送任意1件赠品（赠完即止）；满2件,送任意1件赠品（…","满1件,送任意1件赠品（赠完即止）鹿头野格满2件,送任意1件赠品（赠完即止）法国进口葡",送天猫积分84,196,,2020-10-26
https://item.taobao.com/item.htm?id=589069271255,https://detail.tmall.com/item.htm?id=589069271255&skuId=4338421812173,醉鹅娘 德国进口洋酒野格圣鹿酒利口力娇酒正品行货2支装,醉鹅娘酒类旗舰店,https://zuieniang.tmall.com/,tm,0,396.00,,276.00,,,送天猫积分138,2213,,2020-10-26
https://item.taobao.com/item.htm?id=591305812628,https://detail.tmall.com/item.htm?id=591305812628,网红 德国野格圣鹿利口酒力娇酒利口酒700ml*2配制酒洋酒,WHISKY L！旗舰店,https://taishengyuanjl.tmall.com/,tm,0,396.00,,276.00,满1件9.5折,满1件9.5折,送天猫积分138,274,,2020-10-26
https://item.taobao.com/item.htm?id=617058391600,https://chaoshi.detail.tmall.com/item.htm?id=617058391600,【进口】网红酒野格圣鹿酒利口酒力娇酒德国原瓶正品行货700ml*2,天猫超市,https://chaoshi.tmall.com/,tm,0,338.00,,,,,送天猫积分33,16,,2020-10-26
https://item.taobao.com/item.htm?id=602985002338,https://item.taobao.com/item.htm?id=602985002338,野格酒礼盒正品行货德国进口洋酒利口酒正品行货700ml*2瓶礼盒,乐采时光酒城,https://shop514142620.taobao.com/,tb,0,398.00,,298.00,,,淘金币可抵8.94元,36,178,2020-10-26
https://item.taobao.com/item.htm?id=598369771240,https://item.taobao.com/item.htm?id=598369771240,现货德国野格鹿头酒1/2支装700ml圣鹿力娇利口酒野葛耶格小瓶洋酒,叁联胜酒行,https://shop506177743.taobao.com/,tb,0,138.00-276.00,,,,,"淘金币最高可抵商品价 3%
50元店铺优惠券，满1088元可用 领取
10元店铺优惠券，满199元可用 领取",46,318,2020-10-26
https://item.taobao.com/item.htm?id=573590135955,https://detail.tmall.com/item.htm?id=573590135955,【官方授权】德国野格原装进口圣鹿利口力娇洋酒正品700ml*2瓶,冠振酒类专营店,https://guanzhenjl.tmall.com/,tm,0,576.00,,296.00,"满1件,送任意4件赠品（赠完即止）","满1件,送任意4件赠品（赠完即止）洋酒杯鹿头一口杯锐澳2",送天猫积分148,99,,2020-10-26
https://item.taobao.com/item.htm?id=616387622959,https://detail.tmall.com/item.htm?id=616387622959,德国野格圣鹿酒利口力娇酒进口洋酒正品行货700ml*2瓶装,天帝威酒类专营店,https://tiandiweijl.tmall.com/,tm,0,396.00,,276.00,,,送天猫积分138,2,,2020-10-26
https://item.taobao.com/item.htm?id=599496278315,https://item.taobao.com/item.htm?id=599496278315,2支装#德国野格圣鹿酒利口酒力娇酒正品行货洋酒700ml 送鹿头杯子,高岛小酒屋,https://shop275281988.taobao.com/,tb,0,336.00,,276.00,,,"淘金币可抵8.28元
25元店铺优惠券，满400元可用 领取
10元店铺优惠券，满200元可用 领取",0,16,2020-10-26
https://item.taobao.com/item.htm?id=591910084783,https://detail.tmall.com/item.htm?id=591910084783,Jagermeister 野格利口酒（配制酒） 德国原装进口 700ml*2瓶装,恒谦酒类专营店,https://hengqianjl.tmall.com/,tm,0,575.00,,309.00,,,送天猫积分154,21,,2020-10-26
https://item.taobao.com/item.htm?id=616290367547,https://detail.tmall.hk/hk/item.htm?tbpm=1&id=616290367547&skuId=4513584951607,野格好入口新鲜日期35度力娇酒百搭红牛碳酸果汁口感柔顺700ml*2,天猫超市,https://chaoshi.tmall.com/,tm,0,798.00,,,,,,,,2020-10-26
https://item.taobao.com/item.htm?id=582287281245,https://detail.tmall.com/item.htm?id=582287281245,Jagermeister德国野格圣鹿利口酒力娇酒700ml*2,汇泉酒类专营店,https://huiquanjl.tmall.com/,tm,0,575.00,,296.00,"满99元,包邮","满99元,包邮",送天猫积分148,0,,2020-10-26
https://item.taobao.com/item.htm?id=606191808900,https://detail.tmall.com/item.htm?id=606191808900,醉鹅娘 洋酒野格圣鹿利口酒力娇酒配制酒正品野翻天礼盒装,醉鹅娘酒类旗舰店,https://zuieniang.tmall.com/,tm,1,408.00,,268.00,,,,,,2020-10-26
https://item.taobao.com/item.htm?id=602636730317,https://detail.tmall.com/item.htm?id=602636730317,野格小瓶野翻天游戏礼盒 德国野格圣鹿利口酒力娇酒20ml*24行货,WHISKY L！旗舰店,https://taishengyuanjl.tmall.com/,tm,0,248.00,,,,,送天猫积分124,47,,2020-10-26
https://item.taobao.com/item.htm?id=603930122696,https://detail.tmall.com/item.htm?id=603930122696,日威组合三得利山崎1923白州1973响和风醇韵日本威士忌,beamsuntory宾三得利旗舰,https://beamsuntory.tmall.com/,tm,1,3935.00,,,,,,,,2020-10-26
https://item.taobao.com/item.htm?id=578591134904,https://detail.tmall.com/item.htm?id=578591134904,山崎1923、白州1973、/响和风醇韵组合套装威士忌日本洋酒正品,WHISKY L！旗舰店,https://taishengyuanjl.tmall.com/,tm,0,3461.00,,3000.00,,,送天猫积分1500,31,,2020-10-26
https://item.taobao.com/item.htm?id=598900839146,https://item.taobao.com/item.htm?id=598900839146,(有盒)日本威士忌三组合 山崎1923、白州1973、/响和风醇韵,君越酒业,https://shop71902831.taobao.com/,tb,0,2420.00,,,,,,2,40,2020-10-26
https://item.taobao.com/item.htm?id=612219514603,https://item.taobao.com/item.htm?id=612219514603,日本进口三得利威士忌三组合山崎1923 白州1973 响和风醇韵包邮,捌仟俱乐部,https://shop399787399.taobao.com/,tb,0,2785.00-2885.00,,,,,"200元店铺优惠券，满10000元可用 领取
100元店铺优惠券，满5000元可用 领取
满1件打8.50折,包邮",18,20,2020-10-26
https://item.taobao.com/item.htm?id=588153161621,https://detail.tmall.com/item.htm?id=588153161621,日本威士忌 山崎1923、白州1973、/响和风醇韵组合套装礼盒版,梦扬酒类专营店,https://myjl.tmall.com/,tm,0,2680.00,,,,,送天猫积分1340,36,,2020-10-26
https://item.taobao.com/item.htm?id=569565054290,https://item.taobao.com/item.htm?id=569565054290,三得利 Hibiki 17YO 响17年 调和日本威士忌 正品原装进口洋酒,快活林俱乐部,https://2018cigars-whiskey.taobao.com/,tb,0,6888.00,,4660.00,,,"200元店铺优惠券，满10000元可用 领取
100元店铺优惠券，满5000元可用 领取
每满4660减480",5,53,2020-10-26
https://item.taobao.com/item.htm?id=607000403285,https://detail.tmall.com/item.htm?id=607000403285,WHISKY L HIBIKI宾三得利响17年 日本进口威士忌洋酒正品行货,WHISKY L！旗舰店,https://taishengyuanjl.tmall.com/,tm,1,5538.00,,4800.00,,,,,,2020-10-26
https://item.taobao.com/item.htm?id=569469617787,https://item.taobao.com/item.htm?id=569469617787,Suntory Yamazaki日本原装进口三得利山崎1923单一麦芽威士忌包邮,快活林俱乐部,https://2018cigars-whiskey.taobao.com/,tb,0,1180.00-1210.00,,890.00-920.00,,,"200元店铺优惠券，满10000元可用 领取
100元店铺优惠券，满5000元可用 领取
每满890减70",228,1664,2020-10-26
https://item.taobao.com/item.htm?id=581903534293,https://item.taobao.com/item.htm?id=581903534293,Yamazaki三得利山崎1923威士忌 单一麦芽日本原装进口洋酒正品,南泰荣酒业,https://shop34373676.taobao.com/,tb,0,850.00-885.00,,,,,"30元店铺优惠券，满2000元可用 领取
10元店铺优惠券，满1000元可用 领取
每满850减60",39,418,2020-10-26
https://item.taobao.com/item.htm?id=40888350684,https://item.taobao.com/item.htm?id=40888350684,山崎1923单一麦芽威士忌 Suntory Yamazaki 三得利日本洋酒 有盒,酩悦酒行,https://tiaojiu.taobao.com/,tb,0,790.00-830.00,,,,,,87,190,2020-10-26
https://item.taobao.com/item.htm?id=571061398077,https://detail.tmall.com/item.htm?id=571061398077,WHISKY L yamazaki宾三得利山崎1923单一麦芽威士忌日本洋酒正品,WHISKY L！旗舰店,https://taishengyuanjl.tmall.com/,tm,0,1154.00,,1000.00,,,送天猫积分500,142,,2020-10-26
https://item.taobao.com/item.htm?id=565665904062,https://item.taobao.com/item.htm?id=565665904062,Yamazaki三得利山崎1923单一麦芽威士忌日本原装进口洋酒日威现货,英格酒业,https://lnga.taobao.com/,tb,0,1230.00-1280.00,,800.00-850.00,,,,36,230,2020-10-26
https://item.taobao.com/item.htm?id=585717689349,https://item.taobao.com/item.htm?id=585717689349,三得利山崎1923单一麦芽威士忌 无年份 日本 Suntory,大正良久,https://daslago.taobao.com/,tb,0,820.00-2410.00,,,,,,31,381,2020-10-26
https://item.taobao.com/item.htm?id=594888932557,https://detail.tmall.com/item.htm?id=594888932557,三得利山崎1923单一麦芽威士忌 日本威士忌 Yamazaki 700mL 无盒,昔澜酒类专营店,https://xilanjl.tmall.com/,tm,0,890.00,,,"满1件,送任意2件赠品（赠完即止）","满1件,送任意2件赠品（赠完即止）制冰模富士山杯",送天猫积分445,8,,2020-10-26
https://item.taobao.com/item.htm?id=530951861276,https://item.taobao.com/item.htm?id=530951861276,Suntory Yamazaki日本进口三得利山崎1923有盒无盒单一麦芽威士忌,宅酒配,https://zhaijiupei.taobao.com/,tb,0,1185.71,,820.00-830.00,,,,0,156,2020-10-26
https://item.taobao.com/item.htm?id=594243211658,https://item.taobao.com/item.htm?id=594243211658,代购 日本山崎1923单一麦芽威士忌700ml原瓶进口洋酒威士忌YAMAZAKI,酒魁威士忌研究所,https://whiskylab.taobao.com/,tb,0,255.00-2510.00,,195.00-2450.00,,,,96,458,2020-10-26
https://item.taobao.com/item.htm?id=591678815732,https://item.taobao.com/item.htm?id=591678815732,（有盒）山崎1923单一麦芽威士忌 日本威士忌 Yamazaki 700mL,君越酒业,https://shop71902831.taobao.com/,tb,0,790.00-810.00,,,,,,45,235,2020-10-26
https://item.taobao.com/item.htm?id=550694307974,https://detail.tmall.com/item.htm?id=550694307974,三得利山崎1923单一麦芽威士忌 日本威士忌 Yamazaki三得利礼盒版,梦扬酒类专营店,https://myjl.tmall.com/,tm,0,980.00,,,,,送天猫积分490,3,,2020-10-26
https://item.taobao.com/item.htm?id=35768908408,https://item.taobao.com/item.htm?id=35768908408,洋酒 三得利山崎1923单一麦芽威士忌 日本三得利酒类株式会社原装,迦南酒类销售店,https://shop69079758.taobao.com/,tb,0,935.00,,815.00,,,"淘金币可抵16.30元
20元店铺优惠券，满998元可用 领取
15元店铺优惠券，满499元可用 领取",6,39,2020-10-26
https://item.taobao.com/item.htm?id=543811247265,https://detail.tmall.com/item.htm?id=543811247265,宝树行 山崎1923 700ml 单一麦芽威士忌 日本进口洋酒【无盒】,宝树行酒类旗舰店,https://bshjl.tmall.com/,tm,0,1485.00,,1220.00,,,送天猫积分610,57,,2020-10-26
https://item.taobao.com/item.htm?id=569469757814,https://item.taobao.com/item.htm?id=569469757814,三得利 Yamazaki 18YO 山崎18年单一麦芽威士忌酒 日本进口,快活林俱乐部,https://2018cigars-whiskey.taobao.com/,tb,0,8888.00,,7600.00,,,"200元店铺优惠券，满10000元可用 领取
100元店铺优惠券，满5000元可用 领取
每满7600减1000",15,66,2020-10-26
https://item.taobao.com/item.htm?id=565856342151,https://item.taobao.com/item.htm?id=565856342151,Yamazaki 山崎18年 单一麦芽威士忌 日本原装进口洋酒 现货,英格酒业,https://lnga.taobao.com/,tb,0,7899.00,,6500.00,,,,8,32,2020-10-26
https://item.taobao.com/item.htm?id=565777409360,https://detail.tmall.com/item.htm?id=565777409360,宝树行 山崎18年700ml 单一麦芽威士忌 日本原装进口洋酒,宝树行酒类旗舰店,https://bshjl.tmall.com/,tm,1,8719.00,,7980.00,,,,,,2020-10-26
https://item.taobao.com/item.htm?id=595726691953,https://detail.tmall.com/item.htm?id=595726691953,三得利山崎18年单一麦芽威士忌 日本威士忌 Yamazaki 700mL,昔澜酒类专营店,https://xilanjl.tmall.com/,tm,0,7200.00,,,,,送天猫积分3600,0,,2020-10-26
https://item.taobao.com/item.htm?id=570295689700,https://detail.tmall.com/item.htm?id=570295689700,WHISKY L Yamazaki宾三得利山崎18年 单一麦芽威士忌进口洋酒正品,WHISKY L！旗舰店,https://taishengyuanjl.tmall.com/,tm,0,8077.00,,7000.00,,,送天猫积分3500,12,,2020-10-26
https://item.taobao.com/item.htm?id=569340396204,https://item.taobao.com/item.htm?id=569340396204,三得利 Yamazaki 12YO 山崎12年单一麦芽威士忌酒 日本进口洋酒,快活林俱乐部,https://2018cigars-whiskey.taobao.com/,tb,0,4888.00,,2000.00,,,"200元店铺优惠券，满10000元可用 领取
100元店铺优惠券，满5000元可用 领取",71,492,2020-10-26
https://item.taobao.com/item.htm?id=570955833452,https://detail.tmall.com/item.htm?id=570955833452,WHISKY L Yamazaki宾三得利山崎12年单一麦芽威士忌日本洋酒正品,WHISKY L！旗舰店,https://taishengyuanjl.tmall.com/,tm,0,2654.00,,2300.00,,,送天猫积分1150,57,,2020-10-26
https://item.taobao.com/item.htm?id=575876039065,https://item.taobao.com/item.htm?id=575876039065,三得利山崎12年单一麦芽威士忌 日本三得利酒类株式会社 700ml,隽孑酒行,https://shop253997313.taobao.com/,tb,0,2000.00,,,,,"满500减5,满1000减30,满3000减100",21,47,2020-10-26
https://item.taobao.com/item.htm?id=527901867566,https://item.taobao.com/item.htm?id=527901867566,日本洋酒 Suntory 三得利山崎12年单一麦芽威士忌 700ml原装正品,广东龙粤酒行,https://longyjh.taobao.com/,tb,0,2900.00,,2000.00,,,满2000减130,2,63,2020-10-26
https://item.taobao.com/item.htm?id=589589079866,https://detail.tmall.com/item.htm?id=589589079866,Suntory三得利梅子酒 梅酒 日本 进口洋酒微醺青梅果酒低度720ml,WHISKY L！旗舰店,https://taishengyuanjl.tmall.com/,tm,0,88.00,,,,,送天猫积分44,202,,2020-10-26
https://item.taobao.com/item.htm?id=603378792632,https://detail.tmall.com/item.htm?id=603378792632,日本原装俏雅梅子酒进口女士果酒 720mL宇治蝶矢熟成有三得利梅酒,盛卫酒类专营店,https://shengweijl.tmall.com/,tm,0,118.00-238.00,,84.00-148.00,"满80元减9元,送任意1件赠品（赠完即止）；满110元减14…","满80元减9元,送任意1件赠品（赠完即止）酒杯*1满110元减14元,送任意1件赠品（赠完即止）酒杯*1",送天猫积分42起,102,,2020-10-26
https://item.taobao.com/item.htm?id=597883092882,https://item.taobao.com/item.htm?id=597883092882,梅乃宿日本进口清酒三得利山崎女士甜果酒青梅子酒柚子酒720ml,壹号酒铺,https://shop105822317.taobao.com/,tb,0,356.00,,178.00,,,"100元店铺优惠券，满1000元可用 领取
50元店铺优惠券，满500元可用 领取",41,146,2020-10-26
https://item.taobao.com/item.htm?id=536928719952,https://item.taobao.com/item.htm?id=536928719952,洋酒日本进口梅子酒 三得利梅酒SUNTORY 配制酒低度数女士酒720ml,盛峰酒类洋酒专丶卖,https://yikang918.taobao.com/,tb,0,92.00,,,,,,97,445,2020-10-26
https://item.taobao.com/item.htm?id=564702745391,https://detail.tmall.com/item.htm?id=564702745391,日本进口梅酒720ml原装进口青梅果酒宾三得利Suntory女士低度酒,beamsuntory宾三得利旗舰,https://beamsuntory.tmall.com/,tm,0,128.00,,,,,送天猫积分64,26,,2020-10-26
https://item.taobao.com/item.htm?id=534308651165,https://item.taobao.com/item.htm?id=534308651165,日本原装进口梅酒梅子酒SUNTORY三得利梅酒果酒青梅酒720ml配制酒,朗盛酒行,https://shop162843103.taobao.com/,tb,0,92.00,,,,,5元店铺优惠券，满199元可用 领取,29,218,2020-10-26
https://item.taobao.com/item.htm?id=615400141484,https://detail.tmall.com/item.htm?id=615400141484,酒廷1990 suntory三得利梅酒720ml果酒日本原装进口柚子正品行货,寅瑜酒类专营店,https://yinyujl.tmall.com/,tm,0,112.00-214.00,,92.00-184.00,,,送天猫积分46起,5,,2020-10-26
https://item.taobao.com/item.htm?id=534355330619,https://item.taobao.com/item.htm?id=534355330619,日本进口梅子酒 SUNTORY 三得利梅酒 配制酒低度数女士酒 720mL,酩悦酒行,https://tiaojiu.taobao.com/,tb,0,92.00,,,,,,1,10,2020-10-26
https://item.taobao.com/item.htm?id=534356222272,https://detail.tmall.com/item.htm?id=534356222272,日本进口梅子酒 SUNTORY 三得利梅酒 配制酒低度数女士酒 720mL,梦扬酒类专营店,https://myjl.tmall.com/,tm,0,92.00,,,,,送天猫积分46,9,,2020-10-26
https://item.taobao.com/item.htm?id=561738002287,https://detail.tmall.com/item.htm?id=561738002287,梅酒日本原装进口梅子酒720ml三得利suntory配制酒女士果酒包邮,富水食品旗舰店,https://fushuisp.tmall.com/,tm,0,178.00,,98.00,,,送天猫积分49,1,,2020-10-26
https://item.taobao.com/item.htm?id=552710767402,https://item.taobao.com/item.htm?id=552710767402,洋酒日本进口梅子酒 SUNTORY三得利梅酒14度青梅酒720m前红酒业,上海前红酒类品牌,https://shqh99.taobao.com/,tb,0,92.00,,,,,"淘金币可抵2.76元
20元店铺优惠券，满499元可用 领取",4,64,2020-10-26
https://item.taobao.com/item.htm?id=576865270262,https://detail.tmall.com/item.htm?id=576865270262,三得利梅酒720ml日本原装进口suntory日式梅子酒清梅酒女士果酒,众酉酒类专营店,https://zhongyoujl.tmall.com/,tm,0,108.00-158.00,,93.00-145.00,"满1件,送任意2件赠品（赠完即止）","满1件,送任意2件赠品（赠完即止）水晶杯三得利苏打",送天猫积分46起,122,,2020-10-26
https://item.taobao.com/item.htm?id=598006364113,https://item.taobao.com/item.htm?id=598006364113,三得利梅酒720ml日本原装进口suntory日式梅子酒清梅酒女士果酒,快活林俱乐部,https://2018cigars-whiskey.taobao.com/,tb,0,98.00,,,,,"200元店铺优惠券，满10000元可用 领取
100元店铺优惠券，满5000元可用 领取",5,52,2020-10-26
https://item.taobao.com/item.htm?id=528875072673,https://item.taobao.com/item.htm?id=528875072673,日本原瓶进口SUNTORY梅子酒白兰地梅酒三得利梅酒配制果酒720ml,祺康酒业,https://shop109611838.taobao.com/,tb,0,92.00,,,,,满220减10,17,32,2020-10-26
https://item.taobao.com/item.htm?id=595473291749,https://item.taobao.com/item.htm?id=595473291749,三得利六精酿金酒 6 杜松子酒 日本 Suntory Roku Gin,大正良久,https://daslago.taobao.com/,tb,0,290.00,,,,,,135,355,2020-10-26
https://item.taobao.com/item.htm?id=614933425409,https://chaoshi.detail.tmall.com/item.htm?id=614933425409,【进口】日本三得利Suntory Roku Gin6六精酿金酒 杜松子酒700ml,天猫超市,https://chaoshi.tmall.com/,tm,1,,,340.00,,,,,,2020-10-26
https://item.taobao.com/item.htm?id=567477844007,https://item.taobao.com/item.htm?id=567477844007,行货日本进口洋酒三得利六金酒 Roku Gin6精酿金酒,朗盛酒行,https://shop162843103.taobao.com/,tb,0,349.00,,,,,5元店铺优惠券，满199元可用 领取,2,129,2020-10-26
https://item.taobao.com/item.htm?id=567696407244,https://item.taobao.com/item.htm?id=567696407244,拍立减洋酒日本原瓶进口三得利六精酿金酒Roku Gin6种药材700ml,祺康酒业,https://shop109611838.taobao.com/,tb,0,320.00,,,,,"淘金币可抵6.40元
满220减10",2,19,2020-10-26
https://item.taobao.com/item.htm?id=569641459830,https://item.taobao.com/item.htm?id=569641459830,日本威士忌  三得利威士忌响牌洋酒 响和风醇韵 HIBIKI正品洋酒,快活林俱乐部,https://2018cigars-whiskey.taobao.com/,tb,0,1888.00,,1048.00-1078.00,,,"200元店铺优惠券，满10000元可用 领取
100元店铺优惠券，满5000元可用 领取
每满1048减120",344,2902,2020-10-26
https://item.taobao.com/item.htm?id=594243515985,https://item.taobao.com/item.htm?id=594243515985,代购 三得利响和风醇韵威士忌调和酒古典日本原装进口洋酒hibiki乡音,酒魁威士忌研究所,https://whiskylab.taobao.com/,tb,0,970.00-2480.00,,940.00-2450.00,,,,96,647,2020-10-26
https://item.taobao.com/item.htm?id=585315234010,https://item.taobao.com/item.htm?id=585315234010,三得利响和风醇韵 响威士忌Hibiki响牌乡音日本进口洋酒正品,南泰荣酒业,https://shop34373676.taobao.com/,tb,0,980.00-1010.00,,,,,"30元店铺优惠券，满2000元可用 领取
10元店铺优惠券，满1000元可用 领取
每满850减60",25,391,2020-10-26
https://item.taobao.com/item.htm?id=585508092509,https://item.taobao.com/item.htm?id=585508092509,三得利响和风醇韵调和威士忌 无年份  日本 Suntory,大正良久,https://daslago.taobao.com/,tb,0,920.00-2410.00,,,,,,79,746,2020-10-26
https://item.taobao.com/item.htm?id=530878739447,https://item.taobao.com/item.htm?id=530878739447,Suntory HIBIKI日本进口三得利响牌和风醇韵有盒无盒威士忌洋酒,宅酒配,https://zhaijiupei.taobao.com/,tb,0,1185.71,,880.00-900.00,,,,0,351,2020-10-26
https://item.taobao.com/item.htm?id=591667907952,https://item.taobao.com/item.htm?id=591667907952,（有盒）日本洋酒 SUNTORY三得利响和风醇韵响牌威士忌700ml 正品,君越酒业,https://shop71902831.taobao.com/,tb,0,920.00-945.00,,,,,,53,255,2020-10-26
https://item.taobao.com/item.htm?id=551027851063,https://detail.tmall.com/item.htm?id=551027851063,响和风醇韵威士忌 Hibiki乡音响牌三得利日本原装威士忌礼盒版,梦扬酒类专营店,https://myjl.tmall.com/,tm,0,1220.00,,1020.00,,,送天猫积分送3倍共1530,6,,2020-10-26
https://item.taobao.com/item.htm?id=602043244952,https://detail.tmall.com/item.htm?id=602043244952,力酷酒专 Suntory Hibiki 日本三得利响牌 和风醇韵威士忌 行货,力酷酒类专营店,https://likujl.tmall.com/,tm,1,1214.29,,,,,,,,2020-10-26
https://item.taobao.com/item.htm?id=592367593739,https://detail.tmall.com/item.htm?id=592367593739,SUNTORY Hibiki宾三得利响和风醇韵 日本进口威士忌洋酒正品,WHISKY L！旗舰店,https://taishengyuanjl.tmall.com/,tm,0,1269.00,,1100.00,,,送天猫积分550,324,,2020-10-26
https://item.taobao.com/item.htm?id=544891183802,https://detail.tmall.com/item.htm?id=544891183802,宝树行 响和风醇韵700ml 三得利 日本进口调配型威士忌【无盒】,宝树行酒类旗舰店,https://bshjl.tmall.com/,tm,0,1440.00,,1290.00,,,送天猫积分645,72,,2020-10-26
https://item.taobao.com/item.htm?id=566039107508,https://item.taobao.com/item.htm?id=566039107508,SuntoryHibiki三得利 响和风醇韵乡音威士忌日本原装进口洋酒日威,英格酒业,https://lnga.taobao.com/,tb,0,1280.00-1310.00,,950.00-980.00,,,,46,276,2020-10-26
https://item.taobao.com/item.htm?id=595068025694,https://detail.tmall.com/item.htm?id=595068025694,日本洋酒 SUNTORY日本三得利响和风醇韵响牌威士忌700ml 无盒,昔澜酒类专营店,https://xilanjl.tmall.com/,tm,0,980.00-1050.00,,,"满1件,送任意2件赠品（赠完即止）","满1件,送任意2件赠品（赠完即止）制冰模富士山杯",送天猫积分490起,13,,2020-10-26
https://item.taobao.com/item.htm?id=586640211734,https://item.taobao.com/item.htm?id=586640211734,有盒】响和风醇韵日本威士忌三得利威士忌响牌洋酒 HIBIKI正品,全球优品直输,https://shop145462600.taobao.com/,tb,0,940.00,,,,,,2,9,2020-10-26
https://item.taobao.com/item.htm?id=612947351024,https://item.taobao.com/item.htm?id=612947351024,【有盒 现货】响和风醇韵 响和风 HIBIKI日本威士忌  响无年份,酉时有酒,https://shop191894292.taobao.com/,tb,0,99999.00,,980.00,,,,0,19,2020-10-26
https://item.taobao.com/item.htm?id=522200700047,https://item.taobao.com/item.htm?id=522200700047,日本洋酒 SUNTORY日本三得利响和风醇韵响牌威士忌700ml,广东龙粤酒行,https://longyjh.taobao.com/,tb,0,1193.50,,1050.00,,,,4,40,2020-10-26
https://item.taobao.com/item.htm?id=610982019566,https://detail.tmall.com/item.htm?id=610982019566,Patron Silver培恩银樽龙舌兰酒洋酒调酒基酒墨西哥原装进口750ml,BACARDI百加得旗舰店,https://bacardi.tmall.com/,tm,0,395.00,,359.00,,,送天猫积分179,30,,2020-10-26
https://item.taobao.com/item.htm?id=576107607955,https://detail.tmall.com/item.htm?id=576107607955,patron培恩银樽龙舌兰日出长岛冰茶鸡尾酒调酒基酒特基拉墨西哥酒,WHISKY L！旗舰店,https://taishengyuanjl.tmall.com/,tm,0,340.00,,299.00,,,送天猫积分149,75,,2020-10-26
https://item.taobao.com/item.htm?id=40674356582,https://detail.tmall.com/item.htm?id=40674356582,御玖轩 洋酒 培恩银樽龙舌兰 PATRON 培恩银龙舌兰鸡尾酒调酒基酒,御玖轩酒类专营店,https://yjxjl.tmall.com/,tm,0,489.00,,339.00,,,送天猫积分169,4,,2020-10-26
https://item.taobao.com/item.htm?id=601486494182,https://item.taobao.com/item.htm?id=601486494182,培恩银樽龙舌兰酒 PATRON TEQUILA SILVER 墨西哥进口 特基拉洋酒,179俱乐部,https://179club.taobao.com/,tb,0,315.00,,,,,,17,149,2020-10-26
https://item.taobao.com/item.htm?id=38599212719,https://item.taobao.com/item.htm?id=38599212719,培恩银樽龙舌兰 Patron SILVER Tequila 墨西哥原装进口洋酒,以马内利酒业,https://shop108156093.taobao.com/,tb,0,260.00,,,,,,2,88,2020-10-26
https://item.taobao.com/item.htm?id=557502181865,https://detail.tmall.com/item.htm?id=557502181865,WHISKY L AULTMORE欧摩18年单一麦芽苏格兰威士忌进口洋酒正品,WHISKY L！旗舰店,https://taishengyuanjl.tmall.com/,tm,0,1119.00,,1028.00,,,送天猫积分514,11,,2020-10-26
https://item.taobao.com/item.htm?id=603383418358,https://item.taobao.com/item.htm?id=603383418358,欧摩12年 AULTMORE斯贝塞单一麦芽威士忌洋酒奥特摩 非冷凝,Ywhiskys,https://shop350584675.taobao.com/,tb,0,305.00,,,,,,7,62,2020-10-26
https://item.taobao.com/item.htm?id=557501257011,https://detail.tmall.com/item.htm?id=557501257011,WHISKY L AULTMORE欧摩12年单一麦芽苏格兰威士忌进口洋酒行货,WHISKY L！旗舰店,https://taishengyuanjl.tmall.com/,tm,0,424.00,,383.00,,,送天猫积分191,102,,2020-10-26
https://item.taobao.com/item.htm?id=594327557620,https://item.taobao.com/item.htm?id=594327557620,AULTMORE欧摩12年YO单一麦芽苏格兰威士忌英国进口洋酒正品,快活林俱乐部,https://2018cigars-whiskey.taobao.com/,tb,0,786.00,,338.00,,,"200元店铺优惠券，满10000元可用 领取
100元店铺优惠券，满5000元可用 领取",25,239,2020-10-26
https://item.taobao.com/item.htm?id=605024260880,https://detail.tmall.com/item.htm?id=605024260880,AULTMORE欧摩12年洋酒斯贝塞单一麦芽威士忌酒原装进口洋酒700ml,BACARDI百加得旗舰店,https://bacardi.tmall.com/,tm,0,485.00,,468.00,,,送天猫积分234,7,,2020-10-26
https://item.taobao.com/item.htm?id=595744793519,https://item.taobao.com/item.htm?id=595744793519,AULTMORE欧摩12年YO单一麦芽苏格兰威士忌英国进口洋酒,以马内利酒业,https://shop108156093.taobao.com/,tb,0,380.00,,,,,,2,102,2020-10-26
https://item.taobao.com/item.htm?id=602539981460,https://item.taobao.com/item.htm?id=602539981460,AULTMORE欧摩12年YO单一麦芽苏格兰威士忌 700ml 正品,君越酒业,https://shop71902831.taobao.com/,tb,0,295.00,,,,,,16,56,2020-10-26
https://item.taobao.com/item.htm?id=564145315109,https://item.taobao.com/item.htm?id=564145315109,洋酒Aultmore 12Years 欧摩12年斯贝塞单一麦芽苏格兰威士忌 正品,龙粤威士忌精品店,https://shop101319062.taobao.com/,tb,0,488.00,,318.00,,,,10,50,2020-10-26
https://item.taobao.com/item.htm?id=599876167278,https://item.taobao.com/item.htm?id=599876167278,AULTMORE欧摩12年YO单一麦芽苏格兰威士忌英国进口洋酒正品,南泰荣酒业,https://shop34373676.taobao.com/,tb,0,315.00,,,,,"30元店铺优惠券，满2000元可用 领取
10元店铺优惠券，满1000元可用 领取
每满850减60",1,55,2020-10-26
https://item.taobao.com/item.htm?id=559934491572,https://detail.tmall.com/item.htm?id=559934491572,MARTINI ASTI阿斯蒂马天尼起泡酒低度酒甜酒葡萄酒气泡酒2瓶洋酒,WHISKY L！旗舰店,https://taishengyuanjl.tmall.com/,tm,0,178.00,,,,,送天猫积分89,263,,2020-10-26
https://item.taobao.com/item.htm?id=610466279319,https://detail.tmall.com/item.htm?id=610466279319,马天尼起泡酒2瓶装粉红阿斯蒂rose&asti起泡酒葡萄甜酒意大利原装,BACARDI百加得旗舰店,https://bacardi.tmall.com/,tm,0,363.00,,218.00,,,送天猫积分109,36,,2020-10-26
https://item.taobao.com/item.htm?id=605494166671,https://detail.tmall.com/item.htm?id=605494166671,马天尼起泡酒洋酒Asti阿斯蒂起泡酒甜葡萄酒DOCG原装进口酒750ml,BACARDI百加得旗舰店,https://bacardi.tmall.com/,tm,0,158.00,,109.00,满218元减10元,满218元减10元,送天猫积分54,89,,2020-10-26
https://item.taobao.com/item.htm?id=534721612265,https://chaoshi.detail.tmall.com/item.htm?id=534721612265,马天尼（Martini)阿斯蒂意大利进口 起泡酒750ml气泡酒香槟酒,天猫超市,https://chaoshi.tmall.com/,tm,0,,,89.00,满2件9折,满2件9折,送天猫积分8,196,,2020-10-26
https://item.taobao.com/item.htm?id=20472571543,https://item.taobao.com/item.htm?id=20472571543,马天尼阿斯蒂起泡葡萄酒 甜型气泡martini Asti意大利新包装正品,179俱乐部,https://179club.taobao.com/,tb,0,61.00,,,,,,175,552,2020-10-26
https://item.taobao.com/item.htm?id=558904830112,https://detail.tmall.com/item.htm?id=558904830112,MARTINI ASTI马天尼阿斯蒂起泡酒甜型少女葡萄酒汽泡酒进口洋酒,WHISKY L！旗舰店,https://taishengyuanjl.tmall.com/,tm,0,90.00,,,,,送天猫积分45,94,,2020-10-26
https://item.taobao.com/item.htm?id=40662939471,https://detail.tmall.com/item.htm?id=40662939471,意大利进口MARTINI ASTI马天尼起泡酒甜型少女女生气泡酒送香槟杯,旭隆久合酒类专营店,https://xljhjl.tmall.com/,tm,0,188.00,,89.00,"满1件,送任意2件赠品（赠完即止）","满1件,送任意2件赠品（赠完即止）香槟杯香槟塞",送天猫积分44,26,,2020-10-26
https://item.taobao.com/item.htm?id=601903637169,https://item.taobao.com/item.htm?id=601903637169,洋酒 马天尼阿斯蒂起泡葡萄酒MARTINI ASTI香槟起泡酒甜汽泡,Ywhiskys,https://shop350584675.taobao.com/,tb,0,68.00,,,,,,5,83,2020-10-26
https://item.taobao.com/item.htm?id=13755854108,https://detail.tmall.com/item.htm?id=13755854108,正品洋酒MARTINI ASTI意大利马天尼阿斯蒂甜起泡酒气泡酒香槟,郎家园酒类专营店,https://ljyjl.tmall.com/,tm,0,128.00,,90.00,"满99元,包邮；满199元,包邮,送5元店铺优惠券","满99元,包邮满199元,包邮,送5元店铺优惠券满599元,包邮,送5元店铺优惠券,送任意1件赠品（赠完即止）冰球套装满999元,包邮,送5元店铺优惠券,送任意1件赠品（赠完即止）珊瑞达百路荣冰球套组满1299元,包邮,送5元店铺优惠券,送任意1件赠品（赠完即止）百路荣利口珊瑞达利口维德富金酒别洛维利口冰球套组",送天猫积分45,14,,2020-10-26
https://item.taobao.com/item.htm?id=22236251403,https://detail.tmall.com/item.htm?id=22236251403,意大利原装进口 MARTINI 马天尼阿斯蒂甜起泡葡萄酒气泡酒750ml,御玖轩酒类专营店,https://yjxjl.tmall.com/,tm,0,189.00,,89.00,满1件9折,满1件9折,送天猫积分44,26,,2020-10-26
https://item.taobao.com/item.htm?id=603484874374,https://detail.tmall.com/item.htm?id=603484874374,Martini 马天尼清爽型进口起泡酒包邮浪漫礼物 750ml,天猫超市,https://chaoshi.tmall.com/,tm,0,199.00,,89.00,,,送天猫积分8,2,,2020-10-26
https://item.taobao.com/item.htm?id=542346669452,https://item.taobao.com/item.htm?id=542346669452,新闺蜜时代同款酒martini asti马天尼起泡酒/甜气泡酒送2杯子,蓝爵酒行,https://shop281230250.taobao.com/,tb,0,99.00,,90.00,,,,1,25,2020-10-26
https://item.taobao.com/item.htm?id=18008196162,https://detail.tmall.com/item.htm?id=18008196162,意大利马天尼阿斯蒂甜型起泡葡萄酒原装进口汽气泡酒聚会日常配餐,登岑酒水专营店,https://dcjs.tmall.com/,tm,0,90.00,,,,,送天猫积分45,0,,2020-10-26
https://item.taobao.com/item.htm?id=613220815566,https://detail.tmall.com/item.htm?id=613220815566,天帝威 女生酒马天尼Asti阿斯蒂起泡酒洋酒葡萄酒意大利进口750ml,天帝威酒类专营店,https://tiandiweijl.tmall.com/,tm,0,148.00-198.00,,82.00-162.00,,,送天猫积分41起,2,,2020-10-26
https://item.taobao.com/item.htm?id=540788254367,https://item.taobao.com/item.htm?id=540788254367,送香槟杯意大利进口马天尼起泡酒moscato d asti甜白气泡酒葡萄酒,泽泽小酒馆,https://shop115390696.taobao.com/,tb,0,168.00,,85.00,,,"淘金币可抵2.55元
80元店铺优惠券，满800元可用 领取
60元店铺优惠券，满600元可用 领取",2,10,2020-10-26
https://item.taobao.com/item.htm?id=609804890690,https://item.taobao.com/item.htm?id=609804890690,爱尔兰力娇酒 COCALERO 开口乐利口酒700ml29度 日韩夜店新宠洋酒,大饮家行货铺,https://shop593642309.taobao.com/,tb,0,155.00,,,,,"40元店铺优惠券，满400元可用 领取
20元店铺优惠券，满200元可用 领取",0,75,2020-10-26
https://item.taobao.com/item.htm?id=600416494805,https://detail.tmall.com/item.htm?id=600416494805,夜店 轻奢潮酒COCALERO开口乐 利口酒700ml力娇酒进口洋酒绿色酒,WHISKY L！旗舰店,https://taishengyuanjl.tmall.com/,tm,0,178.00,,168.00,,,送天猫积分84,80,,2020-10-26
https://item.taobao.com/item.htm?id=604527307902,https://item.taobao.com/item.htm?id=604527307902,爱尔兰进口洋酒 Cocalero 开口乐利口酒 力娇酒 配制酒 700ml,迷蒙小酒,https://shop342660495.taobao.com/,tb,0,288.00,,178.00,,,"淘金币可抵5.34元
30元店铺优惠券，满400元可用 领取
15元店铺优惠券，满200元可用 领取",16,76,2020-10-26
https://item.taobao.com/item.htm?id=524680536142,https://chaoshi.detail.tmall.com/item.htm?id=524680536142,【进口】美国进口洋酒 JimBeam(占边/金宾) 波本威士忌 750mL,天猫超市,https://chaoshi.tmall.com/,tm,0,,,82.00,,,送天猫积分8,559,,2020-10-26
https://item.taobao.com/item.htm?id=22315915312,https://detail.tmall.com/item.htm?id=22315915312,美国进口洋酒 Jim Beam 金宾 波本威士忌 白占边波旁威士忌750ml,御玖轩酒类专营店,https://yjxjl.tmall.com/,tm,0,93.00,,88.00,"满1件,送任意1件赠品（赠完即止）","满1件,送任意1件赠品（赠完即止）嗨爆酒杯",送天猫积分44,629,,2020-10-26
https://item.taobao.com/item.htm?id=571126674481,https://detail.tmall.com/item.htm?id=571126674481,Jim Beam金宾 波本威士忌白占边威士忌嗨棒美国进口洋酒正品750ml,WHISKY L！旗舰店,https://taishengyuanjl.tmall.com/,tm,0,78.00,,,,,送天猫积分39,552,,2020-10-26
https://item.taobao.com/item.htm?id=599206136000,https://item.taobao.com/item.htm?id=599206136000,白占边波本威士忌 金宾嗨棒 美国原装进口洋酒基酒750ml 正品行货,昭昌明酒业,https://shop354958810.taobao.com/,tb,0,288.00,,88.00,,,"淘金币可抵2.64元
200元店铺优惠券，满2000元可用 领取
120元店铺优惠券，满1200元可用 领取
每满88减10",44,1043,2020-10-26
https://item.taobao.com/item.htm?id=591887733212,https://detail.tmall.com/item.htm?id=591887733212,Jim Beam金宾 白占边 肯塔基波本威士忌 美国原装进口洋酒 嗨棒,酒奢酒类专营店,https://jiushejl.tmall.com/,tm,0,80.00,,,,,送天猫积分40,3,,2020-10-26
https://item.taobao.com/item.htm?id=564032687459,https://detail.tmall.com/item.htm?id=564032687459,Suntory宾三得利 JimBeam金宾美国进口洋酒波本威士忌嗨棒750ml,beamsuntory宾三得利旗舰,https://beamsuntory.tmall.com/,tm,0,98.00,,,,,送天猫积分49,78,,2020-10-26
https://item.taobao.com/item.htm?id=599772209966,https://item.taobao.com/item.htm?id=599772209966,安森推荐 波本威士忌 金宾美国进口酒洋酒,话事酒馆,https://shop307909480.taobao.com/,tb,0,118.00-198.00,,58.00-158.00,,,,13,331,2020-10-26
https://item.taobao.com/item.htm?id=21493111642,https://detail.tmall.com/item.htm?id=21493111642,行货 进口洋酒 JIM BEAM金宾 白占边波本威士忌 沾边波旁威士忌,旭隆久合酒类专营店,https://xljhjl.tmall.com/,tm,0,140.00,,88.00,"满1件,送任意2件赠品（赠完即止）","满1件,送任意2件赠品（赠完即止）高杯冰格",送天猫积分44,33,,2020-10-26
https://item.taobao.com/item.htm?id=610542134928,https://detail.tmall.com/item.htm?id=610542134928&skuId=4396595497085,白占边金宾波本威士忌 BOURBON WHISKEY Jim Beam 威士忌 洋酒,晟阳酒类专营店,https://shengyangjiulei.tmall.com/,tm,0,156.00,,88.00,,,送天猫积分44,2,,2020-10-26
https://item.taobao.com/item.htm?id=13730041906,https://detail.tmall.com/item.htm?id=13730041906,郎家园洋酒包邮JimBeam whiskey美国金宾/白占边波本威士忌酒,郎家园酒类专营店,https://ljyjl.tmall.com/,tm,0,128.00,,88.00,"满99元,包邮；满199元,包邮,送5元店铺优惠券","满99元,包邮满199元,包邮,送5元店铺优惠券满599元,包邮,送5元店铺优惠券,送任意1件赠品（赠完即止）冰球套装满999元,包邮,送5元店铺优惠券,送任意1件赠品（赠完即止）珊瑞达百路荣冰球套组满1299元,包邮,送5元店铺优惠券,送任意1件赠品（赠完即止）百路荣利口珊瑞达利口维德富金酒别洛维利口冰球套组",送天猫积分44,33,,2020-10-26
https://item.taobao.com/item.htm?id=606151416375,https://detail.tmall.com/item.htm?id=606151416375,白占边金宾（Jim Beam）洋酒美国原装进口JIM BEAM占边波本威士忌,上海学权酒类专营店,https://shxqjl.tmall.com/,tm,0,80.00,,,,,送天猫积分40,3,,2020-10-26
https://item.taobao.com/item.htm?id=587493124888,https://item.taobao.com/item.htm?id=587493124888,倾酌 金宾Jim Beam 白占边波本威士忌750ml 美国进口洋酒正品行货,倾酌Whisky Shop,https://shop541403559.taobao.com/,tb,0,85.00,,,,,"200元店铺优惠券，满2000元可用 领取
150元店铺优惠券，满1500元可用 领取
满1件,送赠品",8,81,2020-10-26
https://item.taobao.com/item.htm?id=589425020648,https://detail.tmall.com/item.htm?id=589425020648,美国进口洋酒 Jim Beam 白占边波本威士忌 金宾 波本威士忌 750ml,昔澜酒类专营店,https://xilanjl.tmall.com/,tm,0,88.00,,,,,送天猫积分44,6,,2020-10-26
https://item.taobao.com/item.htm?id=604658518965,https://detail.tmall.com/item.htm?id=604658518965,天帝威 jimbeam金宾波本威士忌白占边波旁美国进口洋酒750ml,天帝威酒类专营店,https://tiandiweijl.tmall.com/,tm,1,108.00,,88.00,,,,,,2020-10-26
https://item.taobao.com/item.htm?id=14864274394,https://detail.tmall.com/item.htm?id=14864274394,美国金宾波本威士忌白占边原装进口整瓶基酒烈酒洋酒调酒鸡尾酒,登岑酒水专营店,https://dcjs.tmall.com/,tm,0,90.00,,88.00,"满1件,送任意2件赠品（赠完即止）","满1件,送任意2件赠品（赠完即止）威杯一只大冰球一个",送天猫积分44,11,,2020-10-26
https://item.taobao.com/item.htm?id=549735931502,https://item.taobao.com/item.htm?id=549735931502,启德洋酒杰克丹尼威士忌JackDaniel's美国进口700m婚庆聚会派对酒,上海启德酒水直供店,https://shqidemaoyi.taobao.com/,tb,0,59.00-254.00,,,,,"淘金币最高可抵商品价 3%
30元店铺优惠券，满700元可用 领取
20元店铺优惠券，满500元可用 领取",222,1153,2020-10-26
https://item.taobao.com/item.htm?id=527194190938,https://detail.tmall.com/item.htm?id=527194190938&skuId=4408508677316,杰克丹尼威士忌700ml 美国田纳西州正品原装jackdaniels酒吧洋酒,池陈辉酒类专营店,https://chichenhuijl.tmall.com/,tm,0,348.00,,165.00,满165元减10元,满165元减10元,送天猫积分82,345,2034,2020-10-26
https://item.taobao.com/item.htm?id=582426271649,https://detail.tmall.com/item.htm?id=582426271649&skuId=4392311833299,【买一送四】杰克丹尼Jack Danie's洋酒美国原装进口威士忌700ml,晟阳酒类专营店,https://shengyangjiulei.tmall.com/,tm,0,348.00,,168.00,"满168元减13元,送任意1件赠品（赠完即止）；满336元减…","满168元减13元,送任意1件赠品（赠完即止）赠品1赠品2满336元减26.1元,送任意3件赠品（赠完即止）赠品1赠品2赠品3",送天猫积分84,137,,2020-10-26
https://item.taobao.com/item.htm?id=19379155658,https://item.taobao.com/item.htm?id=19379155658,杰克丹尼田纳西州威士忌Jack Daniel's 美国原装洋酒 正品行货！,179俱乐部,https://179club.taobao.com/,tb,0,120.00,,,,,,1252,5793,2020-10-26
https://item.taobao.com/item.htm?id=35642600745,https://detail.tmall.com/item.htm?id=35642600745,美国原装进口杰克丹尼威士忌JackDaniels whiskey洋酒700ml礼盒,御玖轩酒类专营店,https://yjxjl.tmall.com/,tm,0,180.00,,168.00,"满168元减13元,送任意1件赠品（赠完即止）；满336元减…","满168元减13元,送任意1件赠品（赠完即止）可乐组合酒杯组合满336元减26.1元,送任意3件赠品（赠完即止）可乐组合酒杯组合定制礼袋满504元减54元,送任意4件赠品（赠完即止）可乐组合可乐组合酒杯组合定制礼袋",送天猫积分84,1157,,2020-10-26
https://item.taobao.com/item.htm?id=563515456131,https://detail.tmall.com/item.htm?id=563515456131,【定时送】洋酒jackdaniels杰克丹尼威士忌 美国进口whiskey700ml,壹玖壹玖官方旗舰店,https://yjyjjl.tmall.com/,tm,0,197.00,,173.00,满173元减28元,满173元减28元,送天猫积分86,104,,2020-10-26
https://item.taobao.com/item.htm?id=38276981871,https://item.taobao.com/item.htm?id=38276981871,美国进口行货杰克丹尼田纳西州威士忌700mL 杰克丹尼蜂蜜组合可选,上海前红酒类品牌,https://shqh99.taobao.com/,tb,0,59.00-418.00,,59.00-418.00,,,"淘金币可抵1.77元
20元店铺优惠券，满499元可用 领取",225,3257,2020-10-26
https://item.taobao.com/item.htm?id=16976048255,https://item.taobao.com/item.htm?id=16976048255,Jack Daniels 杰克丹尼田纳西州威士忌酒 美国进口洋酒正品行货,广东龙粤酒行,https://longyjh.taobao.com/,tb,0,175.00,,118.00,,,,276,1201,2020-10-26
https://item.taobao.com/item.htm?id=544732604769,https://detail.tmall.com/item.htm?id=544732604769,宝树行 杰克丹尼黑标700ml JackDaniel's 美国威士忌原装进口洋酒,宝树行酒类旗舰店,https://bshjl.tmall.com/,tm,0,218.00,,175.00,"满175元减5元,送任意5件赠品（赠完即止）","满175元减5元,送任意5件赠品（赠完即止）杯垫原装杯可乐原装袋冰球模具",送天猫积分87,197,,2020-10-26
https://item.taobao.com/item.htm?id=575184206316,https://item.taobao.com/item.htm?id=575184206316,【楠希小馆】杰克丹尼威士忌酒 JackDaniels威士忌700ml 进口洋酒,楠希小馆,https://nancy-home.taobao.com/,tb,0,289.00,,158.00,,,,104,976,2020-10-26
https://item.taobao.com/item.htm?id=592240448157,https://item.taobao.com/item.htm?id=592240448157,洋酒美国原装进口杰克丹尼威士忌JACK whiskey 700ml包邮,嗨心购酒商行,https://shop587085875.taobao.com/,tb,0,186.00,,118.00,,,淘金币可抵2.36元,59,86,2020-10-26
https://item.taobao.com/item.htm?id=595147880848,https://item.taobao.com/item.htm?id=595147880848,老宋的微醺23点 美国进口杰克丹尼田纳西州威士忌 700ml/瓶,老宋的微醺23点,https://shop251938368.taobao.com/,tb,0,270.00-596.00,,158.00-298.00,,,淘金币可抵4.74元,119,946,2020-10-26
https://item.taobao.com/item.htm?id=13665056078,https://item.taobao.com/item.htm?id=13665056078,洋酒原装进口杰克丹尼田纳西州威士忌JACK DANIELS700ml,迦南酒类销售店,https://shop69079758.taobao.com/,tb,0,120.00,,,,,"淘金币可抵2.40元
20元店铺优惠券，满998元可用 领取
15元店铺优惠券，满499元可用 领取",164,676,2020-10-26
https://item.taobao.com/item.htm?id=602306727071,https://item.taobao.com/item.htm?id=602306727071,美国进口Jack Daniels whiskey杰克丹尼田纳西州威士忌 黑杰克,迷蒙小酒,https://shop342660495.taobao.com/,tb,0,228.00-288.00,,128.00-188.00,,,"30元店铺优惠券，满400元可用 领取
15元店铺优惠券，满200元可用 领取",63,1122,2020-10-26
https://item.taobao.com/item.htm?id=4370645147,https://detail.tmall.com/item.htm?id=4370645147,郎家园美国进口杰克丹尼威士忌 Jack Daniels田纳西州洋酒700ml,郎家园酒类专营店,https://ljyjl.tmall.com/,tm,0,269.00,,165.00,"满99元,包邮；满199元,包邮,送5元店铺优惠券","满99元,包邮满199元,包邮,送5元店铺优惠券满599元,包邮,送5元店铺优惠券,送任意1件赠品（赠完即止）冰球套装满999元,包邮,送5元店铺优惠券,送任意1件赠品（赠完即止）珊瑞达百路荣冰球套组满1299元,包邮,送5元店铺优惠券,送任意1件赠品（赠完即止）百路荣利口珊瑞达利口维德富金酒别洛维利口冰球套组",送天猫积分82,25,,2020-10-26
https://item.taobao.com/item.htm?id=600227527752,https://detail.tmall.com/item.htm?id=600227527752,【官方旗舰店】美国进口洋酒杰克丹尼威士忌酒Jack Daniel`s700ml,杰克丹尼酒类旗舰店,https://jkdnjl.tmall.com/,tm,0,229.00,,185.00,满185元减30元；满370元减70元,满185元减30元满370元减70元,送天猫积分92,1170,,2020-10-26
https://item.taobao.com/item.htm?id=587560202858,https://item.taobao.com/item.htm?id=587560202858,洋酒酒版杰克丹尼威士忌小酒版小酒伴50mL玻璃瓶蛋糕装饰烘培摆件,以马内利酒业,https://shop108156093.taobao.com/,tb,0,18.00,,,,,,255,184,2020-10-26
https://item.taobao.com/item.htm?id=571905310958,https://item.taobao.com/item.htm?id=571905310958,杰克丹尼田纳西州威士忌 小酒伴 50mL 玻璃瓶 蛋糕装饰,军鸿酒业,https://shop100505021.taobao.com/,tb,0,18.00,,,,,,1123,594,2020-10-26
https://item.taobao.com/item.htm?id=572059490127,https://item.taobao.com/item.htm?id=572059490127,洋酒酒版杰克丹尼威士忌小酒版小酒伴50mL玻璃瓶蛋糕装饰,泡哥酒库,https://shop149504582.taobao.com/,tb,0,18.50,,,,,,115,35,2020-10-26
https://item.taobao.com/item.htm?id=584809345212,https://detail.tmall.com/item.htm?id=584809345212,杰克丹尼田纳西州威士忌 洋酒小酒版 JACK DANIELS 50ml 玻璃瓶,晟阳酒类专营店,https://shengyangjiulei.tmall.com/,tm,0,50.00,,25.00,"满299元,送任意1件赠品（赠完即止）；满599元,送任意1…","满299元,送任意1件赠品（赠完即止）日本和乐怡满599元,送任意1件赠品（赠完即止）巧克力红酒",送天猫积分12,894,,2020-10-26
https://item.taobao.com/item.htm?id=600580143241,https://detail.tmall.com/item.htm?id=600580143241,【官方旗舰店】杰克丹尼Jack Daniel`s洋酒威士忌黑标小酒版50ml,杰克丹尼酒类旗舰店,https://jkdnjl.tmall.com/,tm,0,68.00,,32.00,,,送天猫积分16,1198,,2020-10-26
https://item.taobao.com/item.htm?id=571632567682,https://item.taobao.com/item.htm?id=571632567682,正品杰克丹尼田纳西州威士忌 小酒伴 50mL 玻璃瓶 蛋糕装饰,玖凤轩祥酒类自营店,https://shop156778678.taobao.com/,tb,0,18.50,,,,,,94,68,2020-10-26
https://item.taobao.com/item.htm?id=563269298606,https://item.taobao.com/item.htm?id=563269298606,小酒版 蛋糕装饰摆件 杰克丹尼威士忌50ml JACK DANIEL'S 玻璃瓶,俏堤酒水销售店,https://qdwine.taobao.com/,tb,0,8.00-17.40,,,,,"淘金币最高可抵商品价 3%
30元店铺优惠券，满699元可用 领取
20元店铺优惠券，满499元可用 领取",319,290,2020-10-26
https://item.taobao.com/item.htm?id=571962528698,https://item.taobao.com/item.htm?id=571962528698,洋酒酒版杰克丹尼酒版威士忌 50mL小酒伴玻璃瓶 蛋糕装饰摆件小酒,莎垒贸易,https://shop292128185.taobao.com/,tb,0,18.50,,,,,,164,145,2020-10-26
https://item.taobao.com/item.htm?id=586490606506,https://item.taobao.com/item.htm?id=586490606506,杰克丹尼田纳西洲威士忌50ml洋酒小酒版 玻璃瓶酒办JACK DANIEL's,179俱乐部,https://179club.taobao.com/,tb,0,17.80,,,,,,590,522,2020-10-26
https://item.taobao.com/item.htm?id=36911120568,https://detail.tmall.com/item.htm?id=36911120568,御玖轩 美国原装进口洋酒杰克丹尼威士忌酒版50ML小酒伴蛋糕摆件,御玖轩酒类专营店,https://yjxjl.tmall.com/,tm,0,48.00,,28.00,,,送天猫积分14,32,,2020-10-26
https://item.taobao.com/item.htm?id=585540713756,https://detail.tmall.com/item.htm?id=585540713756,宝树行 杰克丹尼50ml小酒版 美国威士忌原装进口洋酒-玻璃瓶酒版,宝树行酒类旗舰店,https://bshjl.tmall.com/,tm,0,29.00,,,,,送天猫积分14,16,,2020-10-26
https://item.taobao.com/item.htm?id=600596683179,https://detail.tmall.com/item.htm?id=600596683179,jackdaniels杰克丹尼威士忌田纳西州美国威士忌进口洋酒正品50ml,WHISKY L！旗舰店,https://taishengyuanjl.tmall.com/,tm,0,33.33,,,,,送天猫积分16,16,,2020-10-26
https://item.taobao.com/item.htm?id=584918469218,https://item.taobao.com/item.htm?id=584918469218,莫之缘杰克丹尼田纳西州威士忌50mL小瓶分装洋酒基酒调酒鸡尾酒,莫之缘鸡尾酒吧,https://shop588265464.taobao.com/,tb,0,15.00,,,,,"淘金币可抵0.45元
满79,享部分地区包邮,送赠品",4,45,2020-10-26
https://item.taobao.com/item.htm?id=555608352564,https://item.taobao.com/item.htm?id=555608352564,正品进口洋酒版美国杰克丹尼50ml威士忌小样塑料小瓶迷你烘焙收藏,洋诚酒版,https://xiaoliejiu.taobao.com/,tb,0,25.60,,,,,,2,31,2020-10-26
https://item.taobao.com/item.htm?id=585845152730,https://detail.tmall.com/item.htm?id=585845152730,【官方旗舰店】杰克丹尼Jack Daniel`s洋酒威士忌黑标小酒版50ml,百富门酒类旗舰店,https://brownforman.tmall.com/,tm,0,68.00,,48.00,满48元减19元,满48元减19元,送天猫积分24,16,,2020-10-26
https://item.taobao.com/item.htm?id=604898416941,https://detail.tmall.com/item.htm?id=604898416941,包邮美国杰克丹尼威士忌酒版50mL蛋糕装饰原装玻璃瓶酒办调鸡尾酒,登岑酒水专营店,https://dcjs.tmall.com/,tm,1,25.00,,,,,,,,2020-10-26
https://item.taobao.com/item.htm?id=589917145900,https://detail.tmall.com/item.htm?id=589917145900,杰克丹尼田纳西州威士忌 50ml Jack Daniel's 玻璃瓶洋酒小酒版,伟贞酒类专营店,https://weizhenjl.tmall.com/,tm,1,25.00,,,,,,,,2020-10-26
https://item.taobao.com/item.htm?id=534308395575,https://item.taobao.com/item.htm?id=534308395575,现货洋酒三得利角瓶威士忌 SUNTORY日本角牌原装进口700ml行货,朗盛酒行,https://shop162843103.taobao.com/,tb,0,168.00,,,,,5元店铺优惠券，满199元可用 领取,38,227,2020-10-26
https://item.taobao.com/item.htm?id=558227866299,https://detail.tmall.com/item.htm?id=558227866299,三得利角瓶角牌威士忌 Suntory Jar 日本原瓶进口洋酒 700ml,侠风酒类专营店,https://xiafengjl.tmall.com/,tm,0,168.00,,,,,送天猫积分84,0,,2020-10-26
https://item.taobao.com/item.htm?id=40303391431,https://item.taobao.com/item.htm?id=40303391431,日本正规进口三得利SUNTORY角瓶威士忌角牌嗨棒促销洋酒烈酒700ml,祺康酒业,https://shop109611838.taobao.com/,tb,0,168.00,,,,,"淘金币可抵3.36元
满220减10",21,609,2020-10-26
https://item.taobao.com/item.htm?id=602271818032,https://item.taobao.com/item.htm?id=602271818032,三得利角瓶威士忌 角牌 烈酒 SUNTORY 日本进口洋酒700ml,Ywhiskys,https://shop350584675.taobao.com/,tb,0,169.00,,,,,,47,337,2020-10-26
https://item.taobao.com/item.htm?id=593850498392,https://item.taobao.com/item.htm?id=593850498392,日本进口洋酒SUNTORY角牌嗨棒三得利角瓶调和威士忌700ml1.92L,快活林俱乐部,https://2018cigars-whiskey.taobao.com/,tb,0,316.00-588.00,,168.00-358.00,,,"200元店铺优惠券，满10000元可用 领取
100元店铺优惠券，满5000元可用 领取",92,415,2020-10-26
https://item.taobao.com/item.htm?id=40707062007,https://item.taobao.com/item.htm?id=40707062007,洋酒 三得利角瓶威士忌SUNTORY 角牌日本威士忌 鸡尾酒调酒700ml,广东龙粤酒行,https://longyjh.taobao.com/,tb,0,176.00,,168.00,,,,9,119,2020-10-26
https://item.taobao.com/item.htm?id=605185292442,https://item.taobao.com/item.htm?id=605185292442,洋酒 日本原装三得利角瓶威士忌 角牌SUNTORY 原装进口700ml,whisky小屋,https://shop192835318.taobao.com/,tb,0,168.00,,,,,,7,8,2020-10-26
https://item.taobao.com/item.htm?id=588800341127,https://item.taobao.com/item.htm?id=588800341127,日本正规进口三得利SUNTORY角瓶威士忌角牌嗨棒促销洋酒烈酒700ml,以马内利酒业,https://shop108156093.taobao.com/,tb,0,168.00,,,,,每满168减10,12,294,2020-10-26
https://item.taobao.com/item.htm?id=591891949208,https://detail.tmall.com/item.htm?id=591891949208,现货三得利威士忌 角瓶威士忌酒700ml WHISKY日本进口洋酒威士忌,众酉酒类专营店,https://zhongyoujl.tmall.com/,tm,0,198.00,,168.00,,,送天猫积分84,12,,2020-10-26
https://item.taobao.com/item.htm?id=581003160448,https://detail.tmall.com/item.htm?id=581003160448,SUNTORY KAKUBIN三得利角瓶 角牌威士忌日本进口洋酒higball700ml,WHISKY L！旗舰店,https://taishengyuanjl.tmall.com/,tm,0,176.00,,,,,送天猫积分88,49,,2020-10-26
https://item.taobao.com/item.htm?id=600827190716,https://item.taobao.com/item.htm?id=600827190716,Suntory三得利 角瓶威士忌酒角牌嗨棒 日本原装进口洋酒700ml现货,轶泉酒业,https://shop238466893.taobao.com/,tb,0,288.00,,168.00,,,,6,130,2020-10-26
https://item.taobao.com/item.htm?id=566094975620,https://item.taobao.com/item.htm?id=566094975620,日本三得利角瓶威士忌 角牌嗨棒调配型威士忌洋酒烈酒进口SUNTORY,上海盛卫洋酒行,https://shop288053751.taobao.com/,tb,0,168.00-358.00,,,,,,19,89,2020-10-26
https://item.taobao.com/item.htm?id=576748617695,https://detail.tmall.com/item.htm?id=576748617695,SUNTORY KAKUBIN 三得利角瓶角牌威士忌 日本进口洋酒Higball,众酉酒类专营店,https://zhongyoujl.tmall.com/,tm,0,138.00-368.00,,128.00-358.00,"满1件,送任意1件赠品（赠完即止）","满1件,送任意1件赠品（赠完即止）三得利苏打",送天猫积分64起,30,,2020-10-26
https://item.taobao.com/item.htm?id=593630122304,https://detail.tmall.com/item.htm?id=593630122304,三得利角瓶角牌威士忌 日本原装进口洋酒 SUNTORY 700ml 嗨棒,酒奢酒类专营店,https://jiushejl.tmall.com/,tm,0,168.00,,,,,送天猫积分84,2,,2020-10-26
https://item.taobao.com/item.htm?id=18501431943,https://item.taobao.com/item.htm?id=18501431943,启德洋酒三得利角牌SUNTORY角瓶调配威士忌嗨棒日本进口烈酒700ml,上海启德酒水直供店,https://shqidemaoyi.taobao.com/,tb,0,168.00,,,,,"淘金币可抵5.04元
30元店铺优惠券，满700元可用 领取
20元店铺优惠券，满500元可用 领取",22,125,2020-10-26
https://item.taobao.com/item.htm?id=521874285272,https://detail.tmall.com/item.htm?id=521874285272,三得利角瓶威士忌 日本原装进口洋酒 SUNTORY JAR 700mL,梦扬酒类专营店,https://myjl.tmall.com/,tm,0,168.00,,,,,送天猫积分84,7,,2020-10-26
https://item.taobao.com/item.htm?id=538108520562,https://item.taobao.com/item.htm?id=538108520562,三得利角瓶威士忌 角牌 烈酒 SUNTORY 日本进口洋酒700ml,龙粤威士忌精品店,https://shop101319062.taobao.com/,tb,0,219.00,,168.00,,,,6,80,2020-10-26
https://item.taobao.com/item.htm?id=557848583776,https://item.taobao.com/item.htm?id=557848583776,GLENMORANGIE苏格兰进口格兰杰12年雪莉桶高地单一麦芽威士忌包邮,宅酒配,https://zhaijiupei.taobao.com/,tb,0,400.00,,280.00,,,,11,66,2020-10-26
https://item.taobao.com/item.htm?id=42468981848,https://item.taobao.com/item.htm?id=42468981848,SHEEY CASK 格兰杰12年雪莉桶风味单一麦芽苏格兰高地威士忌 洋酒,179俱乐部,https://179club.taobao.com/,tb,0,272.00,,,,,,97,354,2020-10-26
https://item.taobao.com/item.htm?id=560617970860,https://detail.tmall.com/item.htm?id=560617970860,Glenmorangie格兰杰12年雪莉桶单一麦芽威士忌 进口洋酒,WHISKY L！旗舰店,https://taishengyuanjl.tmall.com/,tm,0,415.00,,380.00,,,送天猫积分190,22,,2020-10-26
https://item.taobao.com/item.htm?id=39057953550,https://item.taobao.com/item.htm?id=39057953550,格兰杰12年雪莉酒桶窖藏单一麦芽威士忌Glenmorangie Lasanta,迦南酒类销售店,https://shop69079758.taobao.com/,tb,0,302.00,,280.00,,,"淘金币可抵5.60元
20元店铺优惠券，满998元可用 领取
15元店铺优惠券，满499元可用 领取",12,186,2020-10-26
https://item.taobao.com/item.htm?id=558955440151,https://item.taobao.com/item.htm?id=558955440151,原装进口格兰杰12年雪莉桶风味单一麦芽苏格兰威士忌洋酒700ml,杉玮商贸,https://shanweism.taobao.com/,tb,0,269.80,,,,,,8,35,2020-10-26
https://item.taobao.com/item.htm?id=564466485695,https://item.taobao.com/item.htm?id=564466485695,进口洋酒 格兰杰12年雪莉桶单一麦芽苏格兰威士忌烈酒700ml 带盒,龙粤威士忌精品店,https://shop101319062.taobao.com/,tb,0,398.00,,285.00,,,,5,33,2020-10-26
https://item.taobao.com/item.htm?id=562117026272,https://item.taobao.com/item.htm?id=562117026272,洋酒格兰杰12年雪莉酒桶窖藏单一麦芽威士忌Glenmorangie Lasanta,允睦酒类直销店,https://shop458075321.taobao.com/,tb,0,285.00,,,,,"20元店铺优惠券，满899元可用 领取
15元店铺优惠券，满499元可用 领取",0,19,2020-10-26
https://item.taobao.com/item.htm?id=574185857100,https://detail.tmall.com/item.htm?id=574185857100,官方直营 格兰杰 雪莉酒桶陈酿高地单一麦芽威士忌700ml,酩悦轩尼诗官方旗舰店,https://moethennessy.tmall.com/,tm,0,781.00,,644.00,满1件7.5折,满1件7.5折,送天猫积分322,5,,2020-10-26
https://item.taobao.com/item.htm?id=587523435408,https://item.taobao.com/item.htm?id=587523435408,倾酌 格兰杰 12年雪莉桶 单一麦芽威士忌,倾酌Whisky Shop,https://shop541403559.taobao.com/,tb,0,380.00,,,,,"200元店铺优惠券，满2000元可用 领取
150元店铺优惠券，满1500元可用 领取
满1件,送赠品",4,16,2020-10-26
https://item.taobao.com/item.htm?id=528483534533,https://item.taobao.com/item.htm?id=528483534533,原装进口格兰杰12年雪莉桶风味单一麦芽苏格兰威士忌洋酒700ml,盛峰酒类洋酒专丶卖,https://yikang918.taobao.com/,tb,0,275.00,,,,,,3,32,2020-10-26
https://item.taobao.com/item.htm?id=527996114906,https://item.taobao.com/item.htm?id=527996114906,原装进口格兰杰12年雪莉桶风味单一麦芽苏格兰威士忌洋酒700ml,广东龙粤酒行,https://longyjh.taobao.com/,tb,0,595.10,,285.00,,,,6,46,2020-10-26
https://item.taobao.com/item.htm?id=605017984749,https://detail.tmall.com/item.htm?id=605017984749&skuId=4573224438185,Bacardi百加得朗姆酒黑朗姆酒洋酒烘培鸡尾酒基酒原装进口酒750ml,BACARDI百加得旗舰店,https://bacardi.tmall.com/,tm,0,119.00,,88.00,满176元减10元,满176元减10元,送天猫积分44,72,,2020-10-26
https://item.taobao.com/item.htm?id=525550246054,https://chaoshi.detail.tmall.com/item.htm?id=525550246054,Bacardi百加得40度黑朗姆酒750ml进口朗姆酒烘焙调酒mojito莫吉托,天猫超市,https://chaoshi.tmall.com/,tm,0,,,89.00,满2件9折,满2件9折,送天猫积分8,87,,2020-10-26
https://item.taobao.com/item.htm?id=25148352298,https://item.taobao.com/item.htm?id=25148352298,百加得黑朗姆酒 BACARDI BLACK RUM 烘焙 正品洋酒 超级朗姆酒,179俱乐部,https://179club.taobao.com/,tb,0,63.00,,,,,,255,1410,2020-10-26
https://item.taobao.com/item.htm?id=38036932914,https://item.taobao.com/item.htm?id=38036932914,百加得黑朗姆酒 BACARDI BLACK RUM 烘焙 正品洋酒 超级兰姆酒,以马内利酒业,https://shop108156093.taobao.com/,tb,0,62.00,,,,,,-,1087,2020-10-26
https://item.taobao.com/item.htm?id=35056191380,https://detail.tmall.com/item.htm?id=35056191380,御玖轩 洋酒 BACARDI 百加得黑朗姆酒750ml 兰姆酒烘培鸡尾酒,御玖轩酒类专营店,https://yjxjl.tmall.com/,tm,0,128.00,,88.00,,,送天猫积分44,81,,2020-10-26
https://item.taobao.com/item.htm?id=538815126677,https://item.taobao.com/item.htm?id=538815126677,进口洋酒 BACARDI 百加得黑朗姆酒750ml兰姆酒烘培鸡尾酒超级朗姆,上海盛卫洋酒行,https://shop288053751.taobao.com/,tb,0,63.00,,,,,,237,353,2020-10-26
https://item.taobao.com/item.htm?id=15390999296,https://item.taobao.com/item.htm?id=15390999296,百加得黑朗姆酒750ml 进口洋酒烈酒兰姆酒鸡尾酒烘焙正品行货,广东龙粤酒行,https://longyjh.taobao.com/,tb,0,124.00,,69.00,,,,50,308,2020-10-26
https://item.taobao.com/item.htm?id=27320280797,https://detail.tmall.com/item.htm?id=27320280797,进口洋酒 BACARDI百加得黑朗姆酒40度 烘焙调酒 兰姆酒 正品行货,旭隆久合酒类专营店,https://xljhjl.tmall.com/,tm,0,169.00,,85.00,,,送天猫积分42,52,,2020-10-26
https://item.taobao.com/item.htm?id=17200103725,https://item.taobao.com/item.htm?id=17200103725,洋酒 百加得黑朗姆酒 百家得黑朗姆酒BACARDI BLACK RUM750ML原装,盛峰酒类洋酒专丶卖,https://yikang918.taobao.com/,tb,0,100.00,,80.00,,,,16,113,2020-10-26
https://item.taobao.com/item.htm?id=558657163725,https://detail.tmall.com/item.htm?id=558657163725,WHISKY L Bacardi百加得黑朗姆酒烘焙鸡尾酒调酒基酒进口洋酒正品,WHISKY L！旗舰店,https://taishengyuanjl.tmall.com/,tm,0,88.00,,,,,送天猫积分44,40,,2020-10-26
https://item.taobao.com/item.htm?id=14670826986,https://item.taobao.com/item.htm?id=14670826986,洋酒 百加得黑朗姆酒 百家得黑朗姆酒BACARDI BLACK RUM750ML,迦南酒类销售店,https://shop69079758.taobao.com/,tb,0,63.00,,,,,"淘金币可抵1.26元
20元店铺优惠券，满998元可用 领取
15元店铺优惠券，满499元可用 领取",271,277,2020-10-26
https://item.taobao.com/item.htm?id=15841272422,https://item.taobao.com/item.htm?id=15841272422,启德朗姆酒Bacardi百加得40度进口750ml烘焙调酒mojito莫吉托,上海启德酒水直供店,https://shqidemaoyi.taobao.com/,tb,0,75.00,,63.00,,,"淘金币可抵1.89元
30元店铺优惠券，满700元可用 领取
20元店铺优惠券，满500元可用 领取",26,145,2020-10-26
https://item.taobao.com/item.htm?id=596898186612,https://detail.tmall.com/item.htm?id=596898186612,Bacardi 百加得 40度 黑朗姆酒 750ml 波多黎各进口洋酒,天猫会员店,https://tmhuiyuandian.tmall.com/,tm,0,198.00,,78.00,,,送天猫积分39,0,,2020-10-26
https://item.taobao.com/item.htm?id=613097165079,https://item.taobao.com/item.htm?id=613097165079,百加得黑朗姆 BACARDI Black鸡尾酒基酒 烘焙 洋酒 超级兰姆酒,世酒汇国际贸易有限公,https://shop281935110.taobao.com/,tb,0,67.00,,,,,,4,99,2020-10-26
https://item.taobao.com/item.htm?id=4280730029,https://detail.tmall.com/item.htm?id=4280730029,郎家园洋酒 BACARDI Black百加得黑朗姆酒鸡尾酒基酒,郎家园酒类专营店,https://ljyjl.tmall.com/,tm,0,188.00,,85.00,"满99元,包邮；满199元,包邮,送5元店铺优惠券","满99元,包邮满199元,包邮,送5元店铺优惠券满599元,包邮,送5元店铺优惠券,送任意1件赠品（赠完即止）冰球套装满999元,包邮,送5元店铺优惠券,送任意1件赠品（赠完即止）珊瑞达百路荣冰球套组满1299元,包邮,送5元店铺优惠券,送任意1件赠品（赠完即止）百路荣利口珊瑞达利口维德富金酒别洛维利口冰球套组",送天猫积分42,15,,2020-10-26
https://item.taobao.com/item.htm?id=20187415903,https://item.taobao.com/item.htm?id=20187415903,朗姆酒 百加得黑朗姆酒 爱情公寓同款 750ml 正品百家得黑新包装,上海万来喜贸易公司,https://wanlaixi.taobao.com/,tb,0,68.00,,,,,,16,80,2020-10-26
https://item.taobao.com/item.htm?id=549561537536,https://detail.tmall.com/item.htm?id=549561537536,百加得黑朗姆酒750ml 洋酒烈酒Bacardi 鸡尾酒调酒 兰姆酒 进口,伟贞酒类专营店,https://weizhenjl.tmall.com/,tm,0,83.00,,,,,送天猫积分41,6,,2020-10-26
https://item.taobao.com/item.htm?id=40113696779,https://item.taobao.com/item.htm?id=40113696779,百加得黑朗姆酒 百家得BACARDI BLACK RUM 超级朗姆 洋酒 750ML,酩悦酒行,https://tiaojiu.taobao.com/,tb,0,64.00,,,,,,1,7,2020-10-26
https://item.taobao.com/item.htm?id=38855113924,https://detail.tmall.com/item.htm?id=38855113924,中酒网 Bacardi百加得黑朗姆酒40Vol 750ml 进口洋酒正品行货,中酒网官方旗舰店,https://zjsdjl.tmall.com/,tm,0,439.00,,76.00,"满1件,送任意1件赠品（赠完即止）","满1件,送任意1件赠品（赠完即止）百加得玻璃",送天猫积分38,4,,2020-10-26
https://item.taobao.com/item.htm?id=546311175431,https://chaoshi.detail.tmall.com/item.htm?id=546311175431,Bacardi/百加得超级朗姆酒750ml*2瓶进口洋酒mojito莫吉托基酒,天猫超市,https://chaoshi.tmall.com/,tm,0,,,139.00,,,送天猫积分13,17,,2020-10-26
https://item.taobao.com/item.htm?id=558709039581,https://detail.tmall.com/item.htm?id=558709039581,【两支装】Mojito 莫吉托鸡尾酒 百加得白朗姆酒烘焙调酒基酒洋酒,WHISKY L！旗舰店,https://taishengyuanjl.tmall.com/,tm,0,128.00,,,,,送天猫积分64,122,,2020-10-26
https://item.taobao.com/item.htm?id=604176795001,https://detail.tmall.com/item.htm?id=604176795001,莫吉托MOJITO加得白朗姆薄荷苏打碳酸水烘焙750ml*2瓶朗姆酒果酒,天猫超市,https://chaoshi.tmall.com/,tm,0,198.00,,,,,送天猫积分13,,,2020-10-26
https://item.taobao.com/item.htm?id=37739957597,https://detail.tmall.com/item.htm?id=37739957597,御玖轩洋酒 百加得白朗姆酒调酒mojito鸡尾酒基酒莫吉托750ml*2,御玖轩酒类专营店,https://yjxjl.tmall.com/,tm,0,158.00,,130.00,,,送天猫积分65,15,,2020-10-26
https://item.taobao.com/item.htm?id=570184547047,https://item.taobao.com/item.htm?id=570184547047,（40度）双响炮 洋酒包邮BACARDI white百加得白朗姆酒750ML*2瓶,上海酒拾酒类直供店,https://shop533238039.taobao.com/,tb,0,110.00,,,,,5元店铺优惠券，满500元可用 领取,7,39,2020-10-26
https://item.taobao.com/item.htm?id=568709877209,https://item.taobao.com/item.htm?id=568709877209,（40度）双响炮 洋酒 BACARDI white 百加得白朗姆酒750ML*2瓶,上海品酒轩酒类直供店,https://shop116933021.taobao.com/,tb,0,127.00,,115.00,,,"10元店铺优惠券，满1000元可用 领取
5元店铺优惠券，满599元可用 领取",5,2,2020-10-26
https://item.taobao.com/item.htm?id=522017992327,https://detail.tmall.com/item.htm?id=522017992327,Bacardi 百加得黑朗姆酒 百加得白朗姆酒 烘焙套餐 鸡尾酒基酒,旭隆久合酒类专营店,https://xljhjl.tmall.com/,tm,0,320.00,,159.00,,,送天猫积分79,7,,2020-10-26
https://item.taobao.com/item.htm?id=545090850781,https://item.taobao.com/item.htm?id=545090850781,（40度）双响炮 洋酒包邮BACARDI white百加得白朗姆酒750ML*2瓶,上海洋酒荟,https://yangjiuhui.taobao.com/,tb,0,110.00,,,,,5元店铺优惠券，满499元可用 领取,4,53,2020-10-26
https://item.taobao.com/item.htm?id=595855648519,https://item.taobao.com/item.htm?id=595855648519,Bacardi 百加得 白朗姆酒 750ml 调酒烘焙莫吉托鸡尾酒洋酒2只装,广源酒类有限公司,https://shop233979694.taobao.com/,tb,0,132.00,,108.00,,,,0,7,2020-10-26
https://item.taobao.com/item.htm?id=610415773941,https://detail.tmall.com/item.htm?id=610415773941,天帝威百加得白朗姆酒洋酒鸡尾酒基酒莫吉托mojito原装进口750ml,天帝威酒类专营店,https://tiandiweijl.tmall.com/,tm,0,130.00,,65.00,"满2件,送任意1件赠品（赠完即止）","满2件,送任意1件赠品（赠完即止）杯子吧勺",送天猫积分32,391,,2020-10-26
https://item.taobao.com/item.htm?id=27206164553,https://detail.tmall.com/item.htm?id=27206164553,Bacardi百加得白朗姆酒调酒烘焙鸡尾酒基酒洋酒750ml莫吉托mojito,御玖轩酒类专营店,https://yjxjl.tmall.com/,tm,0,102.00,,66.00,"满1件,送任意1件赠品（赠完即止）","满1件,送任意1件赠品（赠完即止）调酒工具",送天猫积分33,1042,,2020-10-26
https://item.taobao.com/item.htm?id=537385391506,https://chaoshi.detail.tmall.com/item.htm?id=537385391506,Bacardi百加得朗姆酒白朗姆洋酒鸡尾酒750ml莫吉托mojito基酒,天猫超市,https://chaoshi.tmall.com/,tm,0,,,79.00,满2件9折,满2件9折,送天猫积分7,1219,,2020-10-26
https://item.taobao.com/item.htm?id=36871602087,https://item.taobao.com/item.htm?id=36871602087,速发百加得白朗姆酒白朗姆酒烘培鸡尾酒基酒40度bacardi洋酒750ml,以马内利酒业,https://shop108156093.taobao.com/,tb,0,54.00,,,,,,1407,9522,2020-10-26
https://item.taobao.com/item.htm?id=605279617689,https://detail.tmall.com/item.htm?id=605279617689,百加得朗姆酒白朗姆洋酒mojito酒烘培鸡尾酒莫吉托基酒原装750ml,BACARDI百加得旗舰店,https://bacardi.tmall.com/,tm,0,99.00,,88.00,满176元减10元,满176元减10元,送天猫积分44,119,,2020-10-26
https://item.taobao.com/item.htm?id=558656687088,https://detail.tmall.com/item.htm?id=558656687088,【莫吉托酒 Mojito】百加得白朗姆酒 烘培酒鸡尾酒调酒基酒洋酒,WHISKY L！旗舰店,https://taishengyuanjl.tmall.com/,tm,0,64.00-66.00,,,,,送天猫积分32起,579,,2020-10-26
https://item.taobao.com/item.htm?id=15308567380,https://item.taobao.com/item.htm?id=15308567380,洋酒 百加得白朗姆酒 超级白朗姆酒 莫吉多mojito鸡尾酒调酒750ml,广东龙粤酒行,https://longyjh.taobao.com/,tb,0,104.50,,54.00,,,,644,3189,2020-10-26
https://item.taobao.com/item.htm?id=13828121853,https://item.taobao.com/item.htm?id=13828121853,百加得白朗姆酒 百加得超级朗姆酒BACARDI RUM 莫吉托mojito750ml,迦南酒类销售店,https://shop69079758.taobao.com/,tb,0,57.00,,53.00,,,"淘金币可抵1.06元
20元店铺优惠券，满998元可用 领取
15元店铺优惠券，满499元可用 领取",1187,3774,2020-10-26
https://item.taobao.com/item.htm?id=13753774056,https://detail.tmall.com/item.htm?id=13753774056,洋酒Bacardi百加得白朗姆酒调酒烘培鸡尾酒基酒750ml莫吉托Mojito,郎家园酒类专营店,https://ljyjl.tmall.com/,tm,0,118.00,,66.00,"满99元,包邮；满199元,包邮,送5元店铺优惠券","满99元,包邮满199元,包邮,送5元店铺优惠券满599元,包邮,送5元店铺优惠券,送任意1件赠品（赠完即止）冰球套装满999元,包邮,送5元店铺优惠券,送任意1件赠品（赠完即止）珊瑞达百路荣冰球套组满1299元,包邮,送5元店铺优惠券,送任意1件赠品（赠完即止）百路荣利口珊瑞达利口维德富金酒别洛维利口冰球套组",送天猫积分33,180,,2020-10-26
https://item.taobao.com/item.htm?id=553337012180,https://item.taobao.com/item.htm?id=553337012180,百加得白朗姆750ml 百家得白超级朗姆百加得朗姆酒烘焙新包装40度,涌冠国际贸易有限公司,https://yongguanguoji.taobao.com/,tb,0,58.50,,,,,,98,63,2020-10-26
https://item.taobao.com/item.htm?id=596078552103,https://detail.tmall.com/item.htm?id=596078552103,商品不存在,天猫超市,https://tmhuiyuandian.tmall.com/,tm,0,,,,,,,,,2020-10-26
https://item.taobao.com/item.htm?id=19366090878,https://detail.tmall.com/item.htm?id=19366090878,bacardi百加得白朗姆酒MOIJTO莫吉托鸡尾酒调酒基酒百利甜酒烘培,旭隆久合酒类专营店,https://xljhjl.tmall.com/,tm,0,189.00-229.00,,168.00-178.00,,,送天猫积分84起,21,,2020-10-26
https://item.taobao.com/item.htm?id=569805560608,https://item.taobao.com/item.htm?id=569805560608,酒百加得白朗姆酒百加得超级朗姆酒BACARDI RUM750ml百家得原装,上海酒拾酒类直供店,https://shop533238039.taobao.com/,tb,0,66.00,,54.00,,,5元店铺优惠券，满500元可用 领取,56,226,2020-10-26
https://item.taobao.com/item.htm?id=538955916793,https://item.taobao.com/item.htm?id=538955916793,百加得白朗姆酒750ml超级朗姆酒鸡尾酒烘焙BACARDI40度进口洋酒,丞祺酒类直销店,https://paris919gjw.taobao.com/,tb,0,57.00,,,,,,143,572,2020-10-26
https://item.taobao.com/item.htm?id=15840784794,https://item.taobao.com/item.htm?id=15840784794,启德鸡尾酒Bacardi百加得白朗姆酒洋酒烘焙莫吉托mojito 750ml,上海启德酒水直供店,https://shqidemaoyi.taobao.com/,tb,0,54.00,,,,,"淘金币可抵1.62元
30元店铺优惠券，满700元可用 领取
20元店铺优惠券，满500元可用 领取",211,1025,2020-10-26
https://item.taobao.com/item.htm?id=15940338208,https://item.taobao.com/item.htm?id=15940338208,洋酒百加得白朗姆酒百加得超级朗姆酒 BACARDI RUM Mojito 莫吉托,盛峰酒类洋酒专丶卖,https://yikang918.taobao.com/,tb,0,80.25,,66.00,,,,88,288,2020-10-26
https://item.taobao.com/item.htm?id=595781632446,https://item.taobao.com/item.htm?id=595781632446,百加得白朗姆酒 超级白朗姆酒调酒基酒莫吉托烘焙鸡尾酒洋酒750ml,广源酒类有限公司,https://shop233979694.taobao.com/,tb,0,66.00,,55.00,,,,0,33,2020-10-26
https://item.taobao.com/item.htm?id=522883473795,https://detail.tmall.com/item.htm?id=522883473795,【定时送】1919酒类直供 40度百加得白朗姆酒鸡尾酒基酒进口洋酒,壹玖壹玖官方旗舰店,https://yjyjjl.tmall.com/,tm,0,,,,,,,,,2020-10-26
https://item.taobao.com/item.htm?id=565172834126,https://item.taobao.com/item.htm?id=565172834126,[行货]百加得白朗姆酒Bacardi百加得朗姆酒烘焙鸡尾酒莫吉托750ml,,,tb,0,54.00,,,,,,-,0,2020-10-26
https://item.taobao.com/item.htm?id=24563744400,https://item.taobao.com/item.htm?id=24563744400,百加得白朗姆750ml 百家得白超级朗姆百加得朗姆酒烘焙新包装40度,,,tb,0,56.00 - 142.00,,,,,,-,0,2020-10-26
https://item.taobao.com/item.htm?id=547759474280,https://detail.tmall.com/item.htm?id=547759474280,商品不存在,天猫超市,https://chaoshi.tmall.com/,tm,0,,,,,,,,,2020-10-26
https://item.taobao.com/item.htm?id=548378120345,https://detail.tmall.com/item.htm?id=548378120345,商品不存在,天猫超市,https://chaoshi.tmall.com/,tm,0,,,,,,,,,2020-10-26
https://item.taobao.com/item.htm?id=546557054020,https://item.taobao.com/item.htm?id=546557054020,百加得白朗姆酒小瓶酒版50ml烘焙调味酒芝士蛋糕提拉米苏原料配料,泡哥酒库,https://shop149504582.taobao.com/,tb,0,9.50,,,,,,82,27,2020-10-26
https://item.taobao.com/item.htm?id=558659051491,https://detail.tmall.com/item.htm?id=558659051491,商品不存在,WHISKY L！旗舰店,https://taishengyuanjl.tmall.com/,tm,0,,,,,,,,,2020-10-26
https://item.taobao.com/item.htm?id=547904804629,https://detail.tmall.com/item.htm?id=547904804629,商品不存在,缘府食品专营店,https://yuanfusp.tmall.com/,tm,0,,,,,,,,,2020-10-26
https://item.taobao.com/item.htm?id=36882811822,https://item.taobao.com/item.htm?id=36882811822,百加得白朗姆酒50ml芝士蛋糕 提拉米苏原料家用烘焙调味酒原装,以马内利酒业,https://shop108156093.taobao.com/,tb,0,9.70,,,,,,14,314,2020-10-26
https://item.taobao.com/item.htm?id=581027980663,https://item.taobao.com/item.htm?id=581027980663,百加得白朗姆酒小瓶酒版50ml烘焙调味酒芝士蛋糕提拉米苏原料配料,麦田酒屋,https://shop512800369.taobao.com/,tb,0,13.90,,,,,,1,328,2020-10-26
https://item.taobao.com/item.htm?id=535834678539,https://item.taobao.com/item.htm?id=535834678539,Bacardi百加得白朗姆酒50ML装提拉米苏松露巧克力烘焙原料调味酒,爱尔烘焙坊,https://3days.taobao.com/,tb,0,16.80,,,,,"淘金币可抵0.33元
10元店铺优惠券，满188元可用 领取
5元店铺优惠券，满128元可用 领取
满58,享部分地区包邮",17,242,2020-10-26
https://item.taobao.com/item.htm?id=584730152391,https://item.taobao.com/item.htm?id=584730152391,莫之缘百加得白朗姆酒50mL小瓶分装洋酒基酒烈酒烘培调酒鸡尾酒,莫之缘鸡尾酒吧,https://shop588265464.taobao.com/,tb,0,10.00,,,,,"淘金币可抵0.30元
满79,享部分地区包邮,送赠品",22,238,2020-10-26
https://item.taobao.com/item.htm?id=597107972528,https://detail.tmall.com/item.htm?id=597107972528,百加得白朗姆酒50ml 芝士蛋糕 提拉米苏原料家用烘焙调味酒原装,润佳食品专营店,https://runjiashipin.tmall.com/,tm,0,16.80,,,,,送天猫积分8,31,,2020-10-26
https://item.taobao.com/item.htm?id=591397118237,https://detail.tmall.com/item.htm?id=591397118237,百加得白朗姆酒50ml芝士蛋糕 提拉米苏原料进口原装 烘焙 家用,中鹏食品专营店,https://zhongpengsp.tmall.com/,tm,0,17.80,,,,,送天猫积分8,0,,2020-10-26
https://item.taobao.com/item.htm?id=596898215918,https://item.taobao.com/item.htm?id=596898215918,百加得进口白朗姆酒 家用烘焙提拉米苏芝士蛋糕原料小瓶原装50ml,ZMILLION百万烘焙,https://baiwanhongbei.taobao.com/,tb,0,11.60,,,,,"满98,享部分地区包邮",5,23,2020-10-26
https://item.taobao.com/item.htm?id=561765537382,https://detail.tmall.com/item.htm?id=561765537382,百加得白朗姆酒50ml 芝士蛋糕调味提拉米苏烘焙原料 原装小瓶酒版,波迪凯保健食品专营,https://bdkbjsp.tmall.com/,tm,0,14.50,,,,,送天猫积分7,12,,2020-10-26
https://item.taobao.com/item.htm?id=609987570692,https://item.taobao.com/item.htm?id=609987570692,烘焙原料百加得进口白朗姆酒芝士蛋糕 提拉米苏吐司用料 50ml原装,乐童烘焙 体验生活馆,https://shop35706982.taobao.com/,tb,0,12.80,,12.16,,,,1,11,2020-10-26
https://item.taobao.com/item.htm?id=544109202208,https://item.taobao.com/item.htm?id=544109202208,嘉嘉烘焙百加得白 朗姆酒 50ML原装进口洋酒超级朗姆酒鸡尾酒基酒,贵阳嘉嘉烘焙,https://shop311535831.taobao.com/,tb,0,14.00,,,,,,0,0,2020-10-26
https://item.taobao.com/item.htm?id=591646523769,https://detail.tmall.com/item.htm?id=591646523769,百加得白朗姆酒50ml小瓶冰淇淋迷你提拉米苏酒心巧克力原料烘焙用,艺厨食品专营店,https://yichushipin.tmall.com/,tm,0,14.80,,,,,送天猫积分7,40,,2020-10-26
https://item.taobao.com/item.htm?id=569341852920,https://item.taobao.com/item.htm?id=569341852920,日本威士忌三得利原装进口白州1973单一麦芽威士忌洋酒Suntory,快活林俱乐部,https://2018cigars-whiskey.taobao.com/,tb,0,1080.00-1180.00,,745.00-790.00,,,"200元店铺优惠券，满10000元可用 领取
100元店铺优惠券，满5000元可用 领取",104,1485,2020-10-26
https://item.taobao.com/item.htm?id=570890992323,https://detail.tmall.com/item.htm?id=570890992323,WHISKY L HAKUSHU宾三得利白州1973单一麦芽威士忌进口洋酒正品,WHISKY L！旗舰店,https://taishengyuanjl.tmall.com/,tm,0,1038.00,,900.00,,,送天猫积分450,75,,2020-10-26
https://item.taobao.com/item.htm?id=543863121180,https://detail.tmall.com/item.htm?id=543863121180,宝树行 白州1973 700ml 单一麦芽威士忌日本进口洋酒【无盒】,宝树行酒类旗舰店,https://bshjl.tmall.com/,tm,0,1619.00,,1040.00,满1040元减30元,满1040元减30元,送天猫积分520,20,,2020-10-26
https://item.taobao.com/item.htm?id=594890140546,https://detail.tmall.com/item.htm?id=594890140546,三得利1973白州威士忌 Suntory 日本原瓶进口威士忌 700ml 无盒,昔澜酒类专营店,https://xilanjl.tmall.com/,tm,0,780.00,,,,,送天猫积分390,3,,2020-10-26
https://item.taobao.com/item.htm?id=564050795477,https://detail.tmall.com/item.htm?id=564050795477,白州1973 HAKUSHU 单一麦芽威士忌700ml日本原装洋酒宾三得利,beamsuntory宾三得利旗舰,https://beamsuntory.tmall.com/,tm,1,1080.00,,,,,,,,2020-10-26
https://item.taobao.com/item.htm?id=520938952615,https://item.taobao.com/item.htm?id=520938952615,日本进口 三得利白州1973单一麦芽威士忌 Single Malt 700ml正品,广东龙粤酒行,https://longyjh.taobao.com/,tb,0,880.00,,750.00,,,,0,39,2020-10-26
https://item.taobao.com/item.htm?id=563863706285,https://item.taobao.com/item.htm?id=563863706285,进口洋酒三得利白州1973单一麦芽威士忌烈酒SuntoryHakushu 700ml,龙粤威士忌精品店,https://shop101319062.taobao.com/,tb,0,840.00,,751.00,,,"满1件,送赠品",14,24,2020-10-26
https://item.taobao.com/item.htm?id=580139864875,https://item.taobao.com/item.htm?id=580139864875,三得利1973白州威士忌 Suntory 日本原瓶进口威士忌洋酒 700ml,上海洋酒荟,https://yangjiuhui.taobao.com/,tb,0,720.00,,,,,5元店铺优惠券，满499元可用 领取,5,19,2020-10-26
https://item.taobao.com/item.htm?id=530297913706,https://item.taobao.com/item.htm?id=530297913706,Hakushu日本进口三得利白州12年单一麦芽威士忌700ml 正品包邮,宅酒配,https://zhaijiupei.taobao.com/,tb,0,2400.00,,1760.00,,,,0,15,2020-10-26
https://item.taobao.com/item.htm?id=571873916523,https://detail.tmall.com/item.htm?id=571873916523,WHISKY L Hakushu宾三得利白州12年单一麦芽威士忌进口洋酒正品,WHISKY L！旗舰店,https://taishengyuanjl.tmall.com/,tm,0,2031.00,,1760.00,,,送天猫积分880,50,,2020-10-26
https://item.taobao.com/item.htm?id=543885371527,https://detail.tmall.com/item.htm?id=543885371527,宝树行 白州12年700ml 单一麦芽威士忌日本进口洋酒,宝树行酒类旗舰店,https://bshjl.tmall.com/,tm,0,2599.00,,2460.00,,,送天猫积分1230,8,,2020-10-26
https://item.taobao.com/item.htm?id=569344576137,https://item.taobao.com/item.htm?id=569344576137,三得利 HAKUSHU 12YO 白州12年单一麦芽威士忌 日本威士忌,快活林俱乐部,https://2018cigars-whiskey.taobao.com/,tb,0,2888.00,,2088.00,,,"200元店铺优惠券，满10000元可用 领取
100元店铺优惠券，满5000元可用 领取
每满2088减250",10,130,2020-10-26
https://item.taobao.com/item.htm?id=565532992027,https://item.taobao.com/item.htm?id=565532992027,Hakushu 白州12年 单一麦芽威士忌 日本原装进口 三得利洋酒,英格酒业,https://lnga.taobao.com/,tb,0,1998.00,,1800.00,,,,6,21,2020-10-26
https://item.taobao.com/item.htm?id=538503103764,https://item.taobao.com/item.htm?id=538503103764,白州12年单一麦芽威士忌Suntory Hakushu日本三得利进口洋酒700ml,龙粤威士忌精品店,https://shop101319062.taobao.com/,tb,0,2999.00,,1710.00,,,,1,4,2020-10-26
https://item.taobao.com/item.htm?id=561430675741,https://item.taobao.com/item.htm?id=561430675741,Aberfeldy 12YO 艾柏迪12年单一麦芽苏格兰威士忌 艾伯迪洋酒,杉玮商贸,https://shanweism.taobao.com/,tb,0,316.00,,,,,,1,47,2020-10-26
https://item.taobao.com/item.htm?id=559509904650,https://item.taobao.com/item.htm?id=559509904650,进口洋酒 艾柏迪12年单一麦芽苏格兰威士忌 艾伯迪橡木桶限量洋酒,广东龙粤酒行,https://longyjh.taobao.com/,tb,0,418.00,,245.00,,,,2,37,2020-10-26
https://item.taobao.com/item.htm?id=546186792801,https://item.taobao.com/item.htm?id=546186792801,艾柏迪12年单一麦芽苏格兰威士忌 ABERFELDY 艾伯迪原装进口 洋酒,179俱乐部,https://179club.taobao.com/,tb,0,223.00,,,,,,67,266,2020-10-26
https://item.taobao.com/item.htm?id=611009810010,https://detail.tmall.com/item.htm?id=611009810010&skuId=4594667290434,WHISKY L Aberfeldy艾柏迪12年单一麦芽苏格兰威士忌进口洋酒正品,WHISKY L！旗舰店,https://taishengyuanjl.tmall.com/,tm,0,318.00,,316.00,,,送天猫积分158,23,,2020-10-26
https://item.taobao.com/item.htm?id=598870074765,https://item.taobao.com/item.htm?id=598870074765,洋酒 艾柏迪12年单一麦芽苏格兰威士忌 ABERFELDY 艾伯迪原装进口,上海启德酒水直供店,https://shqidemaoyi.taobao.com/,tb,0,264.00,,,,,"淘金币可抵7.92元
30元店铺优惠券，满700元可用 领取
20元店铺优惠券，满500元可用 领取",4,52,2020-10-26
https://item.taobao.com/item.htm?id=545886090435,https://item.taobao.com/item.htm?id=545886090435,ABERFELDY艾伯迪 艾柏迪12年单一麦芽苏格兰威士忌限量装瓶 包邮,宅酒配,https://zhaijiupei.taobao.com/,tb,0,354.29,,248.00,,,,2,46,2020-10-26
https://item.taobao.com/item.htm?id=609435369908,https://detail.tmall.com/item.htm?id=609435369908,艾柏迪威士忌洋酒12年苏格兰单―麦芽威士忌酒英国原装进口700ml,BACARDI百加得旗舰店,https://bacardi.tmall.com/,tm,0,430.00,,389.00,,,送天猫积分194,5,,2020-10-26
https://item.taobao.com/item.htm?id=571022173869,https://detail.tmall.com/item.htm?id=571022173869,WHISKY L Bowmore波摩15年单一麦芽苏格兰威士忌进口洋酒正品,WHISKY L！旗舰店,https://taishengyuanjl.tmall.com/,tm,0,582.00,,510.00,,,送天猫积分255,3,,2020-10-26
https://item.taobao.com/item.htm?id=576938559082,https://detail.tmall.com/item.htm?id=576938559082,宝树行 波摩15年700ml 苏格兰单一麦芽威士忌 原装进口洋酒,宝树行酒类旗舰店,https://bshjl.tmall.com/,tm,0,764.00,,560.00,,,送天猫积分280,18,,2020-10-26
https://item.taobao.com/item.htm?id=522788727514,https://item.taobao.com/item.htm?id=522788727514,进口洋酒 Bowmore波摩15年单一麦芽威士忌艾莱苏格兰威士忌正品,广东龙粤酒行,https://longyjh.taobao.com/,tb,0,756.80,,480.00,,,满400减35,1,23,2020-10-26
https://item.taobao.com/item.htm?id=36668790053,https://detail.tmall.com/item.htm?id=36668790053,洋酒 BOWMORE 15YO波摩15年单一麦芽威士忌43%/70cl,郎家园酒类专营店,https://ljyjl.tmall.com/,tm,0,968.00,,480.00,"满99元,包邮；满199元,包邮,送5元店铺优惠券","满99元,包邮满199元,包邮,送5元店铺优惠券满599元,包邮,送5元店铺优惠券,送任意1件赠品（赠完即止）冰球套装满999元,包邮,送5元店铺优惠券,送任意1件赠品（赠完即止）珊瑞达百路荣冰球套组满1299元,包邮,送5元店铺优惠券,送任意1件赠品（赠完即止）百路荣利口珊瑞达利口维德富金酒别洛维利口冰球套组",送天猫积分240,0,,2020-10-26
https://item.taobao.com/item.htm?id=537891114676,https://item.taobao.com/item.htm?id=537891114676,Bowmore 苏格兰波摩15年单一麦芽威士忌 进口洋酒正品行货包邮,宅酒配,https://zhaijiupei.taobao.com/,tb,0,685.71,,458.00,,,,1,43,2020-10-26
https://item.taobao.com/item.htm?id=593780681693,https://item.taobao.com/item.htm?id=593780681693,Bowmore 苏格兰波摩15年达克斯单一麦芽威士忌 进口洋酒正品包邮,快活林俱乐部,https://2018cigars-whiskey.taobao.com/,tb,0,858.00,,498.00,,,"200元店铺优惠券，满10000元可用 领取
100元店铺优惠券，满5000元可用 领取",1,33,2020-10-26
https://item.taobao.com/item.htm?id=577391820137,https://item.taobao.com/item.htm?id=577391820137,进口洋酒 Bowmore 波摩15年艾雷岛单一麦芽苏格兰威士忌700ml新装,龙粤威士忌精品店,https://shop101319062.taobao.com/,tb,0,596.00,,480.00,,,"满480减22,送赠品",8,39,2020-10-26
https://item.taobao.com/item.htm?id=570894324390,https://detail.tmall.com/item.htm?id=570894324390,Bowmore波摩12年单一麦芽苏格兰艾雷岛威士忌酒正品行货进口洋酒,WHISKY L！旗舰店,https://taishengyuanjl.tmall.com/,tm,0,355.00,,320.00,,,送天猫积分160,13,,2020-10-26
https://item.taobao.com/item.htm?id=523225868956,https://item.taobao.com/item.htm?id=523225868956,波摩12年单一麦芽苏格兰威士忌 Bowmore ISLAY洋酒 烈酒 艾莱岛,179俱乐部,https://179club.taobao.com/,tb,0,320.00,,,,,每满320减45,24,343,2020-10-26
https://item.taobao.com/item.htm?id=538722433918,https://item.taobao.com/item.htm?id=538722433918,Bowmore 波摩12年单一麦芽威士忌 苏格兰烈酒进口洋酒 700ml新装,龙粤威士忌精品店,https://shop101319062.taobao.com/,tb,0,390.00,,320.00,,,"满300减40,送赠品",33,140,2020-10-26
https://item.taobao.com/item.htm?id=563882309063,https://detail.tmall.com/item.htm?id=563882309063,波摩12年Bowmore单一麦芽苏格兰威士忌700ml艾雷岛洋酒,beamsuntory宾三得利旗舰,https://beamsuntory.tmall.com/,tm,0,418.00,,,,,送天猫积分209,19,,2020-10-26
https://item.taobao.com/item.htm?id=606007194177,https://item.taobao.com/item.htm?id=606007194177,【指南针】BOWMORE波摩12年单一麦芽苏格兰威士忌进口洋酒 泥煤味,威士忌指南针,https://whiskyco.taobao.com/,tb,0,399.00,,360.00,,,满200减40,3,121,2020-10-26
https://item.taobao.com/item.htm?id=35932201974,https://item.taobao.com/item.htm?id=35932201974,启德洋酒Bowmore波摩12年单一麦芽威士忌艾莱威士忌正品行货,上海启德酒水直供店,https://shqidemaoyi.taobao.com/,tb,0,350.00,,,,,"淘金币可抵10.50元
30元店铺优惠券，满700元可用 领取
20元店铺优惠券，满500元可用 领取",4,46,2020-10-26
https://item.taobao.com/item.htm?id=571678442191,https://item.taobao.com/item.htm?id=571678442191,波摩12年单一麦芽苏格兰威士忌 Bowmore ISLAY洋酒 烈酒 艾莱岛,快活林俱乐部,https://2018cigars-whiskey.taobao.com/,tb,0,488.00-888.00,,320.00-840.00,,,"200元店铺优惠券，满10000元可用 领取
100元店铺优惠券，满5000元可用 领取",39,69,2020-10-26
https://item.taobao.com/item.htm?id=576543472613,https://detail.tmall.com/item.htm?id=576543472613,宝树行 波摩12年700ml 苏格兰单一麦芽威士忌 原装进口洋酒,宝树行酒类旗舰店,https://bshjl.tmall.com/,tm,0,462.00,,440.00,,,送天猫积分220,14,,2020-10-26
https://item.taobao.com/item.htm?id=530887130364,https://item.taobao.com/item.htm?id=530887130364,Bowmore苏格兰进口波摩12年艾莱单一麦芽威士忌酒 正品洋酒包邮,宅酒配,https://zhaijiupei.taobao.com/,tb,0,514.29,,320.00,,,,6,58,2020-10-26
https://item.taobao.com/item.htm?id=38486965170,https://item.taobao.com/item.htm?id=38486965170,行货进口洋酒 波摩12年单一麦芽威士忌 Bowmore legend 700ml烈酒,广东龙粤酒行,https://longyjh.taobao.com/,tb,0,499.00,,320.00,,,,5,71,2020-10-26
https://item.taobao.com/item.htm?id=609592562134,https://detail.tmall.com/item.htm?id=609592562134,Bombay孟买蓝宝石金酒洋酒金酒金汤力杜松子酒琴酒原装进口750ml,BACARDI百加得旗舰店,https://bacardi.tmall.com/,tm,0,150.00,,118.00,满236元减20元,满236元减20元,送天猫积分59,346,,2020-10-26
https://item.taobao.com/item.htm?id=36827558059,https://item.taobao.com/item.htm?id=36827558059,洋酒 孟买蓝宝石金酒 伦敦干毡酒 杜松子露酒BOMBAY SAPPHIRE GIN,以马内利酒业,https://shop108156093.taobao.com/,tb,0,75.00,,,,,,197,1329,2020-10-26
https://item.taobao.com/item.htm?id=35936216649,https://detail.tmall.com/item.htm?id=35936216649,孟买蓝宝石金酒 BOMBAY 杜松子酒鸡尾酒洋酒烈酒金汤力基酒 750ml,御玖轩酒类专营店,https://yjxjl.tmall.com/,tm,0,150.00,,107.00,"满107元减10元,送任意1件赠品（赠完即止）","满107元减10元,送任意1件赠品（赠完即止）调酒套餐",送天猫积分53,164,,2020-10-26
https://item.taobao.com/item.htm?id=558902651796,https://detail.tmall.com/item.htm?id=558902651796,【调酒基酒套装】bombay孟买蓝宝石金酒gin酒琴酒杜松子酒洋酒,WHISKY L！旗舰店,https://taishengyuanjl.tmall.com/,tm,0,108.00-116.00,,98.00-107.00,,,送天猫积分49起,67,,2020-10-26
https://item.taobao.com/item.htm?id=538811034686,https://detail.tmall.com/item.htm?id=538811034686,【买1送4】孟买蓝宝石金酒bombay琴酒杜松子酒英国金汤力基酒,旭隆久合酒类专营店,https://xljhjl.tmall.com/,tm,0,190.00-288.00,,99.00-165.00,满90元减1元,满90元减1元,送天猫积分49起,88,,2020-10-26
https://item.taobao.com/item.htm?id=603483670769,https://detail.tmall.com/item.htm?id=603483670769,直营高颜值金汤力杜松子配柠檬苏打水不上头孟买蓝宝石金酒750ml,天猫超市,https://chaoshi.tmall.com/,tm,0,299.00,,109.00,,,送天猫积分10,46,,2020-10-26
https://item.taobao.com/item.htm?id=543779676003,https://item.taobao.com/item.htm?id=543779676003,【楠希小馆】孟买蓝宝石金酒 杜松子酒 英国洋酒琴酒 鸡尾酒基酒,楠希小馆,https://nancy-home.taobao.com/,tb,0,118.00,,108.00,,,,34,337,2020-10-26
https://item.taobao.com/item.htm?id=570449351701,https://item.taobao.com/item.htm?id=570449351701,孟买金酒（Bombay）洋酒 孟买蓝宝石金酒 750ml 原装进口鸡尾酒,上海酒拾酒类直供店,https://shop533238039.taobao.com/,tb,0,72.00,,,,,5元店铺优惠券，满500元可用 领取,4,37,2020-10-26
https://item.taobao.com/item.htm?id=545149931934,https://item.taobao.com/item.htm?id=545149931934,孟买金酒（Bombay）洋酒 孟买蓝宝石金酒 750ml 原装进口鸡尾酒,上海洋酒荟,https://yangjiuhui.taobao.com/,tb,0,120.00,,85.00,,,5元店铺优惠券，满499元可用 领取,15,101,2020-10-26
https://item.taobao.com/item.htm?id=19238636987,https://item.taobao.com/item.htm?id=19238636987,正品行货英国进口洋酒 孟买蓝宝石金酒 Bombay杜松子酒750ml 琴酒,上海前红酒类品牌,https://shqh99.taobao.com/,tb,0,72.00,,,,,"淘金币可抵2.16元
20元店铺优惠券，满499元可用 领取",85,251,2020-10-26
https://item.taobao.com/item.htm?id=600960569909,https://detail.tmall.com/item.htm?id=600960569909,孟买蓝宝石金酒 BOMBAY 杜松子酒鸡尾酒洋酒烈酒金汤力基酒 750ml,夏多纳酒类专营店,https://xiaduonajl.tmall.com/,tm,0,156.00,,107.00,"满299元,送任意1件赠品（赠完即止）；满499元,送100…","满299元,送任意1件赠品（赠完即止）果味酒满499元,送100元店铺优惠券,送任意1件赠品（赠完即止）波尔多红酒",送天猫积分53,3,,2020-10-26
https://item.taobao.com/item.htm?id=595151148187,https://item.taobao.com/item.htm?id=595151148187,老宋的微醺23点 英国原装进口孟买蓝宝石金酒金汤力鸡尾洋酒750ml,老宋的微醺23点,https://shop251938368.taobao.com/,tb,0,128.00,,97.00,,,淘金币可抵2.91元,74,557,2020-10-26
https://item.taobao.com/item.htm?id=14294479840,https://detail.tmall.com/item.htm?id=14294479840,郎家园Bombay 孟买蓝宝石金酒杜松子酒鸡尾酒洋酒烈酒金汤力基酒,郎家园酒类专营店,https://ljyjl.tmall.com/,tm,0,166.00,,107.00,"满99元,包邮；满199元,包邮,送5元店铺优惠券","满99元,包邮满199元,包邮,送5元店铺优惠券满599元,包邮,送5元店铺优惠券,送任意1件赠品（赠完即止）冰球套装满999元,包邮,送5元店铺优惠券,送任意1件赠品（赠完即止）珊瑞达百路荣冰球套组满1299元,包邮,送5元店铺优惠券,送任意1件赠品（赠完即止）百路荣利口珊瑞达利口维德富金酒别洛维利口冰球套组",送天猫积分53,28,,2020-10-26
https://item.taobao.com/item.htm?id=586040815290,https://detail.tmall.com/item.htm?id=586040815290,孟买蓝宝石金酒 BOMBAY 金汤力鸡尾酒 伦敦干金酒 杜松子酒 洋酒,伟贞酒类专营店,https://weizhenjl.tmall.com/,tm,0,92.00,,,,,送天猫积分46,25,,2020-10-26
https://item.taobao.com/item.htm?id=560625678897,https://detail.tmall.com/item.htm?id=560625678897,Ardbeg阿贝雅柏雅伯阿德贝哥漩涡单一麦芽威士忌苏格兰进口洋酒,WHISKY L！旗舰店,https://taishengyuanjl.tmall.com/,tm,0,750.00,,675.00,,,送天猫积分337,40,,2020-10-26
https://item.taobao.com/item.htm?id=538123538010,https://item.taobao.com/item.htm?id=538123538010,阿德贝哥漩涡单一麦芽苏格兰威士忌 Ardbeg Corryvreckan雅柏洋酒,179俱乐部,https://179club.taobao.com/,tb,0,569.00,,,,,,0,39,2020-10-26
https://item.taobao.com/item.htm?id=542830428248,https://detail.tmall.com/item.htm?id=542830428248,洋酒ARDBEG Corryvreckan阿德贝哥/雅柏漩涡杰克逊麦芽威士忌酒,郎家园酒类专营店,https://ljyjl.tmall.com/,tm,0,1099.00,,655.00,"满99元,包邮；满199元,包邮,送5元店铺优惠券","满99元,包邮满199元,包邮,送5元店铺优惠券满599元,包邮,送5元店铺优惠券,送任意1件赠品（赠完即止）冰球套装满999元,包邮,送5元店铺优惠券,送任意1件赠品（赠完即止）珊瑞达百路荣冰球套组满1299元,包邮,送5元店铺优惠券,送任意1件赠品（赠完即止）百路荣利口珊瑞达利口维德富金酒别洛维利口冰球套组",送天猫积分327,1,,2020-10-26
https://item.taobao.com/item.htm?id=528965445793,https://item.taobao.com/item.htm?id=528965445793,宅酒配Ardbeg苏格兰进口阿贝10年 阿德贝哥单一麦芽威士忌洋酒,宅酒配,https://zhaijiupei.taobao.com/,tb,0,392.86,,273.00,,,,332,1961,2020-10-26
https://item.taobao.com/item.htm?id=572343011353,https://item.taobao.com/item.htm?id=572343011353,Ardbeg苏格兰进口阿贝雅柏阿德贝哥10年单一麦芽威士忌 包邮现货,以马内利酒业,https://shop108156093.taobao.com/,tb,0,286.50,,273.00,,,,199,1057,2020-10-26
https://item.taobao.com/item.htm?id=560560153011,https://detail.tmall.com/item.htm?id=560560153011,WHISKY L Ardbeg阿贝雅柏雅伯10年单一麦芽威士忌苏格兰进口洋酒,WHISKY L！旗舰店,https://taishengyuanjl.tmall.com/,tm,0,472.00,,405.00,,,送天猫积分202,50,,2020-10-26
https://item.taobao.com/item.htm?id=601963482653,https://item.taobao.com/item.htm?id=601963482653,阿贝十年阿德贝哥10年 ARDBEG 雅柏艾雷岛单一麦芽威士忌品牌特卖,大饮家行货铺,https://shop593642309.taobao.com/,tb,0,340.00,,,,,"40元店铺优惠券，满400元可用 领取
20元店铺优惠券，满200元可用 领取",19,80,2020-10-26
https://item.taobao.com/item.htm?id=575644784711,https://item.taobao.com/item.htm?id=575644784711,Ardbeg苏格兰原装进口阿贝雅柏阿德贝哥10年单一麦芽威士忌 包邮,快活林俱乐部,https://2018cigars-whiskey.taobao.com/,tb,0,688.00,,358.00,,,"200元店铺优惠券，满10000元可用 领取
100元店铺优惠券，满5000元可用 领取",11,76,2020-10-26
https://item.taobao.com/item.htm?id=601977022516,https://item.taobao.com/item.htm?id=601977022516,行货洋酒 ARDBEG 雅柏艾雷 阿德贝哥/阿贝10年单一麦芽威士忌,Ywhiskys,https://shop350584675.taobao.com/,tb,0,388.00,,,,,,9,85,2020-10-26
https://item.taobao.com/item.htm?id=578344106738,https://item.taobao.com/item.htm?id=578344106738,阿贝10年威士忌单一麦芽乌干达/漩涡/奥之岬/Ardbeg雅柏ANOA独饮,独饮酒馆,https://shop177453268.taobao.com/,tb,0,419.00-714.00,,295.00-590.00,,,,12,74,2020-10-26
https://item.taobao.com/item.htm?id=597885936127,https://item.taobao.com/item.htm?id=597885936127,洋酒 Ardbeg苏格兰进口阿贝雅柏阿德贝哥10年单一麦芽威士忌700ml,尊酒行,https://shop246764384.taobao.com/,tb,0,271.00,,,,,,31,52,2020-10-26
https://item.taobao.com/item.htm?id=542852633985,https://detail.tmall.com/item.htm?id=542852633985,郎家园洋酒ARDBEG 10Y.O 阿德贝哥雅柏10年单一麦芽威士忌酒700ml,郎家园酒类专营店,https://ljyjl.tmall.com/,tm,0,755.00,,399.00,"满99元,包邮；满199元,包邮,送5元店铺优惠券","满99元,包邮满199元,包邮,送5元店铺优惠券满599元,包邮,送5元店铺优惠券,送任意1件赠品（赠完即止）冰球套装满999元,包邮,送5元店铺优惠券,送任意1件赠品（赠完即止）珊瑞达百路荣冰球套组满1299元,包邮,送5元店铺优惠券,送任意1件赠品（赠完即止）百路荣利口珊瑞达利口维德富金酒别洛维利口冰球套组",送天猫积分199,8,,2020-10-26
